filename,CU:,SR:,CS:,species,master_tape
90033001,20:40.020-26:2.973,160000,5:22.953,Sperm Whale,90033
90033002,20:40.020-26:2.973,40000,5:22.953,Sperm Whale,90033
90033003,20:40.020-26:2.973,40000,5:22.953,Sperm Whale,90033
90033004,20:40.020-26:2.973,40000,5:22.953,Sperm Whale,90033
90033005,20:40.020-26:2.973,40000,5:22.953,Sperm Whale,90033
60012001,0  B5:11.905  0:34.126,40000,2.918,Killer Whale,60012
60012002,0  B5:11.905  0:36.816,40000,2.588,Killer Whale,60012
60012003,0  B5:11.905  0:42.550,40000,2.055,Killer Whale,60012
60012004,0  B5:11.905  0:44.606,40000,2.410,Killer Whale,60012
60012005,0  B5:11.905  0:46.636,40000,3.425,Killer Whale,60012
60012006,0  B5:11.905  0:51.381,40000,3.248,Killer Whale,60012
60012007,0  B5:11.905  0:59.196,40000,2.106,Killer Whale,60012
60012008,0  B5:11.905  1:01.125,40000,3.425,Killer Whale,60012
60012009,0  B5:11.905  1:10.590,40000,6.546,Killer Whale,60012
6001200A,0  B5:11.905  1:26.094,40000,4.136,Killer Whale,60012
6001200B,0  B5:11.905  1:32.970,40000,2.207,Killer Whale,60012
6001200C,0  B5:11.905  1:42.867,40000,2.918,Killer Whale,60012
6001200D,0  B5:11.905  1:45.988,40000,2.943,Killer Whale,60012
6001200E,0  B5:11.905  2:04.029,40000,2.994,Killer Whale,60012
6001200F,0  B5:11.905  2:06.415,40000,2.461,Killer Whale,60012
6001200G,0  B5:11.905  2:15.880,40000,3.933,Killer Whale,60012
6001200H,0  B5:11.905  2:19.635,40000,1.801,Killer Whale,60012
6001200I,0  B5:11.905  2:21.183,40000,2.918,Killer Whale,60012
6001200J,0  B5:11.905  2:34.556,40000,3.628,Killer Whale,60012
6001200K,0  B5:11.905  2:39.428,40000,1.598,Killer Whale,60012
6001200L,0  B5:11.905  2:40.849,40000,1.624,Killer Whale,60012
6001200M,0  B5:11.905  2:42.777,40000,1.750,Killer Whale,60012
6001200N,0  B5:11.905  2:53.561,40000,2.258,Killer Whale,60012
6001200O,0  B5:11.905  3:04.498,40000,2.639,Killer Whale,60012
6001200P,0  B5:11.905  3:07.112,40000,3.324,Killer Whale,60012
6001200Q,0  B5:11.905  3:35.252,40000,2.283,Killer Whale,60012
6001200R,0  B5:11.905  3:39.718,40000,2.309,Killer Whale,60012
6001200S,0  B5:11.905  3:44.311,40000,1.827,Killer Whale,60012
6001200T,0  B5:11.905  3:51.989,40000,2.298,Killer Whale,60012
6001200U,0  B5:11.905  3:54.009,40000,2.206,Killer Whale,60012
6001200V,0  B5:11.905  4:00.714,40000,2.904,Killer Whale,60012
6001200W,0  B5:11.905  4:05.202,40000,2.983,Killer Whale,60012
6001200X,0  B5:11.905  4:07.869,40000,1.821,Killer Whale,60012
60026001,1,40960,1.700,Killer Whale,60026
60026002,26,40960,1.700,Killer Whale,60026
60026003,29,40960,1.700,Killer Whale,60026
60026004,118,40960,1.700,Killer Whale,60026
60026005,129,40960,3.000,Killer Whale,60026
60026006,146,40960,1.600,Killer Whale,60026
6002600A,75,40960,1.890,Killer Whale,60026
6002600B,75,40960,1.890,Killer Whale,60026
6002600C,75,40960,1.890,Killer Whale,60026
6002600D,75,40960,1.000,Killer Whale,60026
6002600E,102,40960,1.890,Killer Whale,60026
6002600F,102,40960,1.000,Killer Whale,60026
6002600G,102,40960,1.890,Killer Whale,60026
6002600H,102,40960,1.890,Killer Whale,60026
6002600I,102,40960,1.890,Killer Whale,60026
6002600J,102,40960,1.890,Killer Whale,60026
6002600K,102,40960,1.890,Killer Whale,60026
6002600L,0  B30:01.788  0:08.183,45400,4.141,Killer Whale,60026
6002600M,0  B30:01.788  0:12.004,45400,5.981,Killer Whale,60026
6002600N,0  B30:01.788  0:18.251,45400,2.789,Killer Whale,60026
6002600O,0  B30:01.788  0:21.041,45400,2.947,Killer Whale,60026
6002600P,0  B30:01.788  0:25.381,45400,2.731,Killer Whale,60026
6002600Q,0  B30:01.788  0:39.354,45400,7.243,Killer Whale,60026
6002600R,0  B30:01.788  0:47.503,45400,8.642,Killer Whale,60026
6002600S,0  B30:01.788  0:55.882,45400,3.685,Killer Whale,60026
6002600T,0  B30:01.788  0:59.697,45400,2.545,Killer Whale,60026
6002600U,0  B30:01.788  1:02.443,45400,3.888,Killer Whale,60026
6002600V,0  B30:01.788  1:06.915,45400,1.923,Killer Whale,60026
6002600W,0  B30:01.788  1:08.740,45400,1.465,Killer Whale,60026
6002600X,0  B30:01.788  1:14.542,45400,2.107,Killer Whale,60026
6002600Y,0  B30:01.788  1:17.477,45400,3.523,Killer Whale,60026
6002600Z,0  B30:01.788  1:20.741,45400,1.719,Killer Whale,60026
60026010,0  B30:01.788  1:22.539,45400,1.480,Killer Whale,60026
60026011,0  B30:01.788  1:23.941,45400,4.440,Killer Whale,60026
60026012,0  B30:01.788  1:28.635,45400,4.895,Killer Whale,60026
60026013,0  B30:01.788  1:36.264,45400,3.990,Killer Whale,60026
60026014,0  B30:01.788  1:39.931,45400,4.208,Killer Whale,60026
60026015,0  B30:01.788  1:45.225,45400,2.832,Killer Whale,60026
60026016,0  B30:01.788  1:47.857,45400,1.872,Killer Whale,60026
60026017,0  B30:01.788  1:49.414,45400,1.033,Killer Whale,60026
60026018,0  B30:01.788  1:54.670,45400,1.592,Killer Whale,60026
60026019,0  B30:01.788  1:56.061,45400,1.127,Killer Whale,60026
6002601A,0  B30:01.788  1:57.027,45400,1.972,Killer Whale,60026
6002601B,0  B30:01.788  1:58.839,45400,1.691,Killer Whale,60026
6002601C,0  B30:01.788  2:01.915,45400,2.097,Killer Whale,60026
6002601D,0  B30:01.788  2:04.230,45400,1.932,Killer Whale,60026
6002601E,0  B30:01.788  2:09.019,45400,1.580,Killer Whale,60026
6002601F,0  B30:01.788  2:13.182,45400,2.938,Killer Whale,60026
6002601G,0  B30:01.788  2:30.643,45400,3.422,Killer Whale,60026
6002601H,0  B30:01.788  2:34.066,45400,4.537,Killer Whale,60026
6002601I,0  B30:01.788  2:39.231,45400,2.817,Killer Whale,60026
6002601J,0  B30:01.788  2:46.217,45400,3.965,Killer Whale,60026
6002601K,0  B30:01.788  2:52.987,45400,1.623,Killer Whale,60026
6002601L,0  B30:01.788  2:58.957,45400,3.470,Killer Whale,60026
6002601M,0  B30:01.788  3:04.252,45400,1.286,Killer Whale,60026
6002601N,0  B30:01.788  3:12.057,45400,3.917,Killer Whale,60026
6002601O,0  B30:01.788  3:15.897,45400,1.683,Killer Whale,60026
6002601P,0  B30:01.788  3:17.237,45400,2.809,Killer Whale,60026
6002601Q,0  B30:01.788  3:22.144,45400,1.391,Killer Whale,60026
6002601R,0  B30:01.788  3:44.225,45400,3.385,Killer Whale,60026
6002601S,0  B30:01.788  3:53.254,45400,1.940,Killer Whale,60026
6002601T,0  B30:01.788  3:54.950,45400,2.571,Killer Whale,60026
6002601U,0  B30:01.788  3:57.013,45400,1.750,Killer Whale,60026
6002601V,0  B30:01.788  3:59.971,45400,1.750,Killer Whale,60026
6002601W,0  B30:01.788  4:02.549,45400,3.141,Killer Whale,60026
6002601X,0  B30:01.788  4:09.348,45400,2.872,Killer Whale,60026
6002601Y,0  B30:01.788  4:22.141,45400,3.327,Killer Whale,60026
6002601Z,0  B30:01.788  4:26.277,45400,2.242,Killer Whale,60026
60026020,0  B30:01.788  4:29.575,45400,4.324,Killer Whale,60026
60026021,0  B30:01.788  4:33.899,45400,2.905,Killer Whale,60026
60026022,0  B30:01.788  4:38.535,45400,4.929,Killer Whale,60026
60026023,0  B30:01.788  4:41.480,45400,1.984,Killer Whale,60026
60026024,0  B30:01.788  4:49.029,45400,2.237,Killer Whale,60026
60026025,0  B30:01.788  4:51.211,45400,3.416,Killer Whale,60026
60026026,0  B30:01.788  4:56.762,45400,1.971,Killer Whale,60026
60026027,0  B30:01.788  4:59.512,45400,4.231,Killer Whale,60026
60026028,0  B30:01.788  5:04.245,45400,3.334,Killer Whale,60026
60026029,0  B30:01.788  5:07.094,45400,6.457,Killer Whale,60026
6002602A,0  B30:01.788  5:13.323,45400,2.992,Killer Whale,60026
6002602B,0  B30:01.788  5:26.667,45400,5.853,Killer Whale,60026
6002602C,0  B30:01.788  5:32.504,45400,3.034,Killer Whale,60026
6002602D,0  B30:01.788  5:36.360,45400,4.223,Killer Whale,60026
6002602E,0  B30:01.788  5:40.091,45400,4.962,Killer Whale,60026
6002602F,0  B30:01.788  5:44.679,45400,5.180,Killer Whale,60026
6002602G,0  B30:01.788  5:53.839,45400,2.797,Killer Whale,60026
6002602H,0  B30:01.788  5:58.977,45400,4.184,Killer Whale,60026
6002602I,0  B30:01.788  5:58.974,45400,1.535,Killer Whale,60026
6002602J,0  B30:01.788  6:04.001,45400,1.799,Killer Whale,60026
6002602K,0  B30:01.788  6:05.532,45400,1.929,Killer Whale,60026
6002602L,0  B30:01.788  6:07.154,45400,2.119,Killer Whale,60026
6002602M,0  B30:01.788  6:09.025,45400,2.767,Killer Whale,60026
6002602N,0  B30:01.788  6:11.433,45400,3.035,Killer Whale,60026
6002602O,0  B30:01.788  6:14.184,45400,1.810,Killer Whale,60026
6002602P,0  B30:01.788  6:15.631,45400,2.909,Killer Whale,60026
6002602Q,0  B30:01.788  6:20.163,45400,3.947,Killer Whale,60026
6002602R,0  B30:01.788  6:23.728,45400,3.961,Killer Whale,60026
6002602S,0  B30:01.788  6:28.725,45400,4.849,Killer Whale,60026
6002602T,0  B30:01.788  6:35.608,45400,5.195,Killer Whale,60026
6002602U,0  B30:01.788  6:42.065,45400,3.941,Killer Whale,60026
6002602V,0  B30:01.788  6:45.785,45400,2.068,Killer Whale,60026
6002602W,0  B30:01.788  6:47.392,45400,1.444,Killer Whale,60026
6002602X,0  B30:01.788  6:50.865,45400,3.506,Killer Whale,60026
6002602Y,0  B30:01.788  6:55.595,45400,2.280,Killer Whale,60026
6002602Z,0  B30:01.788  7:10.824,45400,3.059,Killer Whale,60026
60026030,0  B30:01.788  7:13.514,45400,3.810,Killer Whale,60026
60026031,0  B30:01.788  7:18.582,45400,2.756,Killer Whale,60026
60026032,0  B30:01.788  7:25.479,45400,2.538,Killer Whale,60026
60026033,0  B30:01.788  7:33.916,45400,4.974,Killer Whale,60026
60026034,0  B30:01.788  7:43.755,45400,4.585,Killer Whale,60026
60026035,0  B30:01.788  7:49.726,45400,5.573,Killer Whale,60026
60026036,0  B30:01.788  7:59.393,45400,2.112,Killer Whale,60026
60026037,0  B30:01.788  8:09.633,45400,1.388,Killer Whale,60026
60026038,0  B30:01.788  8:15.493,45400,6.048,Killer Whale,60026
60026039,0  B30:01.788  8:21.101,45400,1.985,Killer Whale,60026
6002603A,0  B30:01.788  8:27.018,45400,1.463,Killer Whale,60026
6002603B,0  B30:01.788  8:42.070,45400,6.993,Killer Whale,60026
6002603C,0  B30:01.788  8:56.299,45400,2.703,Killer Whale,60026
6002603D,0  B30:01.788  8:59.293,45400,2.572,Killer Whale,60026
6002603E,0  B30:01.788  9:04.699,45400,2.750,Killer Whale,60026
6002603F,0  B30:01.788  9:07.077,45400,2.407,Killer Whale,60026
6002603G,0  B30:01.788  9:10.854,45400,6.903,Killer Whale,60026
6002603H,0  B30:01.788  9:17.175,45400,9.038,Killer Whale,60026
6002603I,0  B30:01.788  9:26.549,45400,3.410,Killer Whale,60026
6002603J,0  B30:01.788  9:29.416,45400,3.378,Killer Whale,60026
6002603K,0  B30:01.788  9:47.370,45400,3.735,Killer Whale,60026
6002603L,0  B30:01.788  9:52.402,45400,3.358,Killer Whale,60026
6002603M,0  B30:01.788  9:54.338,45400,6.696,Killer Whale,60026
6002603N,0  B30:01.788  10:03.879,45400,3.975,Killer Whale,60026
6002603O,0  B30:01.788  10:03.870,45400,11.374,Killer Whale,60026
6002603P,0  B30:01.788  10:16.419,45400,4.439,Killer Whale,60026
6002603Q,0  B30:01.788  10:23.470,45400,6.329,Killer Whale,60026
6002603R,0  B30:01.788  10:30.439,45400,5.016,Killer Whale,60026
6002603S,0  B30:01.788  10:35.035,45400,2.938,Killer Whale,60026
6002603T,0  B30:01.788  10:37.691,45400,2.814,Killer Whale,60026
6002603U,0  B30:01.788  10:46.893,45400,4.835,Killer Whale,60026
6002603V,0  B30:01.788  10:54.629,45400,2.872,Killer Whale,60026
6002603W,0  B30:01.788  10:58.641,45400,2.295,Killer Whale,60026
6002603X,0  B30:01.788  11:00.612,45400,4.266,Killer Whale,60026
6002603Y,0  B30:01.788  11:03.260,45400,12.319,Killer Whale,60026
6002603Z,0  B30:01.788  11:17.645,45400,10.148,Killer Whale,60026
60026040,0  B30:01.788  11:26.737,45400,6.265,Killer Whale,60026
60026041,0  B30:01.788  11:29.560,45400,1.433,Killer Whale,60026
60026042,0  B30:01.788  11:32.655,45400,3.784,Killer Whale,60026
60026043,0  B30:01.788  11:36.439,45400,4.927,Killer Whale,60026
60026044,0  B30:01.788  11:43.162,45400,1.640,Killer Whale,60026
60026045,0  B30:01.788  11:44.811,45400,2.519,Killer Whale,60026
60026046,0  B30:01.788  11:47.261,45400,6.441,Killer Whale,60026
60026047,0  B30:01.788  11:59.686,45400,2.323,Killer Whale,60026
60026048,0  B30:01.788  12:10.326,45400,4.808,Killer Whale,60026
6002604A,0  B30:01.788  12:40.426,45400,2.913,Killer Whale,60026
6002604B,0  B30:01.788  12:45.800,45400,4.361,Killer Whale,60026
6002604C,0  B30:01.788  12:53.773,45400,3.222,Killer Whale,60026
6002604D,0  B30:01.788  12:57.094,45400,3.324,Killer Whale,60026
6002604E,0  B30:01.788  12:59.980,45400,3.780,Killer Whale,60026
6002604F,0  B30:01.788  13:05.526,45400,3.559,Killer Whale,60026
6002604G,0  B30:01.788  13:17.651,45400,3.397,Killer Whale,60026
6002604H,0  B30:01.788  13:22.187,45400,2.878,Killer Whale,60026
6002604I,0  B30:01.788  13:25.382,45400,2.973,Killer Whale,60026
6002604J,0  B30:01.788  13:32.299,45400,1.612,Killer Whale,60026
6002604K,0  B30:01.788  13:39.520,45400,4.175,Killer Whale,60026
6002604L,0  B30:01.788  13:46.648,45400,2.201,Killer Whale,60026
6002604M,0  B30:01.788  13:53.157,45400,3.053,Killer Whale,60026
6002604N,0  B30:01.788  13:56.405,45400,3.337,Killer Whale,60026
6002604O,0  B30:01.788  14:02.268,45400,5.727,Killer Whale,60026
6002604P,0  B30:01.788  15:14.537,45400,2.372,Killer Whale,60026
6002604Q,0  B30:01.788  15:16.919,45400,1.518,Killer Whale,60026
6002604R,0  B30:01.788  15:23.051,45400,3.522,Killer Whale,60026
6002604S,0  B30:01.788  15:27.416,45400,2.826,Killer Whale,60026
6002604T,0  B30:01.788  15:36.653,45400,2.913,Killer Whale,60026
6002604U,0  B30:01.788  15:45.655,45400,2.203,Killer Whale,60026
6002604V,0  B30:01.788  15:52.224,45400,4.333,Killer Whale,60026
6002604W,0  B30:01.788  16:05.377,45400,4.333,Killer Whale,60026
6002604X,0  B30:01.788  16:10.775,45400,5.184,Killer Whale,60026
6002604Y,0  B30:01.788  16:19.515,45400,2.842,Killer Whale,60026
6002604Z,0  B30:01.788  16:24.827,45400,5.804,Killer Whale,60026
60026051,0  B30:01.788  16:35.748,45400,3.466,Killer Whale,60026
60026052,0  B30:01.788  16:39.215,45400,5.637,Killer Whale,60026
60026053,0  B30:01.788  16:47.107,45400,2.355,Killer Whale,60026
60026054,0  B30:01.788  16:50.035,45400,1.734,Killer Whale,60026
60026055,0  B30:01.788  16:50.035,45400,2.464,Killer Whale,60026
60026056,0  B30:01.788  16:50.035,45400,1.707,Killer Whale,60026
60026057,0  B30:01.788  16:55.945,45400,2.089,Killer Whale,60026
60026058,0  B30:01.788  16:59.695,45400,2.613,Killer Whale,60026
60026059,0  B30:01.788  17:01.872,45400,2.621,Killer Whale,60026
6002605A,0  B30:01.788  17:15.002,45400,1.818,Killer Whale,60026
6002605B,0  B30:01.788  17:16.871,45400,2.598,Killer Whale,60026
6002605C,0  B30:01.788  17:20.403,45400,2.915,Killer Whale,60026
6002605D,0  B30:01.788  17:27.233,45400,1.877,Killer Whale,60026
6002605E,0  B30:01.788  17:29.586,45400,3.133,Killer Whale,60026
6002605F,0  B30:01.788  17:31.836,45400,6.508,Killer Whale,60026
6002605G,0  B30:01.788  17:40.246,45400,3.669,Killer Whale,60026
6002605H,0  B30:01.788  17:43.175,45400,4.747,Killer Whale,60026
6002605I,0  B30:01.788  17:48.440,45400,2.910,Killer Whale,60026
6002605J,0  B30:01.788  17:51.104,45400,3.723,Killer Whale,60026
6002605K,0  B30:01.788  17:57.394,45400,2.535,Killer Whale,60026
6002605L,0  B30:01.788  18:11.209,45400,4.851,Killer Whale,60026
6002605M,0  B30:01.788  18:19.172,45400,1.841,Killer Whale,60026
6002605N,0  B30:01.788  18:21.014,45400,6.225,Killer Whale,60026
6002605O,0  B30:01.788  18:27.865,45400,1.707,Killer Whale,60026
6002605P,0  B30:01.788  18:29.104,45400,3.108,Killer Whale,60026
6002605Q,0  B30:01.788  18:31.926,45400,2.810,Killer Whale,60026
6002605R,0  B30:01.788  18:34.376,45400,1.682,Killer Whale,60026
6002605S,0  B30:01.788  18:35.816,45400,1.711,Killer Whale,60026
6002605T,0  B30:01.788  18:38.196,45400,3.288,Killer Whale,60026
6002605U,0  B30:01.788  18:40.693,45400,8.681,Killer Whale,60026
6002605V,0  B30:01.788  18:53.000,45400,4.945,Killer Whale,60026
6002605W,0  B30:01.788  19:06.953,45400,2.816,Killer Whale,60026
6002605X,0  B30:01.788  19:19.192,45400,3.669,Killer Whale,60026
6002605Y,0  B30:01.788  19:22.350,45400,3.833,Killer Whale,60026
6002605Z,0  B30:01.788  19:57.471,45400,5.138,Killer Whale,60026
60026060,0  B30:01.788  20:27.106,45400,3.541,Killer Whale,60026
60026061,0  B30:01.788  20:33.622,45400,6.291,Killer Whale,60026
60026062,0  B30:01.788  22:04.328,45400,2.942,Killer Whale,60026
60026063,0  B30:01.788  22:06.488,45400,2.907,Killer Whale,60026
60026064,0  B30:01.788  22:29.086,45400,4.569,Killer Whale,60026
60026065,0  B30:01.788  23:06.404,45400,4.053,Killer Whale,60026
60026066,0  B30:01.788  23:29.099,45400,6.117,Killer Whale,60026
60026067,0  B30:01.788  25:34.088,45400,2.702,Killer Whale,60026
60026068,0  B30:01.788  24:41.022,45400,2.897,Killer Whale,60026
60026069,0  B30:01.788  24:43.627,45400,4.097,Killer Whale,60026
6002606A,0  B30:01.788  23:55.410,45400,5.446,Killer Whale,60026
6002606B,0  B30:01.788  25:49.955,45400,6.466,Killer Whale,60026
6002606C,146,40960,5.981,Killer Whale,60026
6002606D,0  B30:01.788  0:12.883,45400,1.404,Killer Whale,60026
6002606E,0  B30:01.788  0:21.041,45400,1.467,Killer Whale,60026
6002606F,0  B30:01.788  1:02.832,45400,0.701,Killer Whale,60026
6002606G,0  B30:01.788  1:09.381,45400,0.824,Killer Whale,60026
6002606H,0  B30:01.788  1:23.941,45400,1.517,Killer Whale,60026
6002606I,0  B30:01.788  2:09.347,45400,1.000,Killer Whale,60026
6002606J,0  B30:01.788  2:31.815,45400,1.222,Killer Whale,60026
6002606K,0  B30:01.788  2:46.217,45400,1.592,Killer Whale,60026
6002606L,0  B30:01.788  3:44.225,45400,1.431,Killer Whale,60026
6002606M,0  B30:01.788  3:46.008,45400,1.601,Killer Whale,60026
6002606N,0  B30:01.788  4:39.020,45400,1.011,Killer Whale,60026
6002606O,0  B30:01.788  4:40.581,45400,1.071,Killer Whale,60026
6002606P,0  B30:01.788  4:41.691,45400,1.564,Killer Whale,60026
6002606Q,0  B30:01.788  5:04.790,45400,0.890,Killer Whale,60026
6002606R,0  B30:01.788  5:40.091,45400,1.666,Killer Whale,60026
6002606S,0  B30:01.788  5:47.364,45400,1.394,Killer Whale,60026
6002606T,0  B30:01.788  5:54.803,45400,1.097,Killer Whale,60026
6002606U,0  B30:01.788  4:35.649,45400,0.680,Killer Whale,60026
6002606V,0  B30:01.788  6:07.154,45400,1.168,Killer Whale,60026
6002606W,0  B30:01.788  7:34.413,45400,1.802,Killer Whale,60026
6002606X,0  B30:01.788  0:56.281,45400,1.031,Killer Whale,60026
6002606Y,0  B30:01.788  11:36.439,45400,2.112,Killer Whale,60026
6002606Z,0  B30:01.788  11:45.086,45400,1.368,Killer Whale,60026
60026070,0  B30:01.788  12:10.680,45400,3.497,Killer Whale,60026
60026071,0  B30:01.788  12:41.009,45400,1.819,Killer Whale,60026
60026073,0  B30:01.788  12:57.094,45400,0.663,Killer Whale,60026
60026074,0  B30:01.788  12:59.240,45400,0.673,Killer Whale,60026
60026075,0  B30:01.788  13:00.454,45400,1.267,Killer Whale,60026
60026076,0  B30:01.788  13:01.544,45400,1.398,Killer Whale,60026
60026077,0  B30:01.788  11:36.439,45400,2.112,Killer Whale,60026
60026078,0  B30:01.788  13:18.034,45400,1.734,Killer Whale,60026
60026079,0  B30:01.788  13:32.828,45400,1.082,Killer Whale,60026
6002607A,0  B30:01.788  13:39.520,45400,1.401,Killer Whale,60026
6002607B,0  B30:01.788  13:53.157,45400,1.983,Killer Whale,60026
6002607C,0  B30:01.788  15:27.416,45400,1.701,Killer Whale,60026
6002607D,0  B30:01.788  15:36.653,45400,1.099,Killer Whale,60026
6002607E,0  B30:01.788  15:37.642,45400,0.893,Killer Whale,60026
6002607F,0  B30:01.788  16:40.554,45400,2.003,Killer Whale,60026
6002607G,0  B30:01.788  16:55.945,45400,0.839,Killer Whale,60026
6002607H,0  B30:01.788  17:02.330,45400,1.000,Killer Whale,60026
6002607I,0  B30:01.788  17:30.371,45400,1.522,Killer Whale,60026
6002607J,0  B30:01.788  17:43.828,45400,2.906,Killer Whale,60026
6002607K,0  B30:01.788  18:19.610,45400,1.306,Killer Whale,60026
6002607L,0  B30:01.788  18:21.985,45400,1.359,Killer Whale,60026
6002607M,0  B30:01.788  18:23.459,45400,0.800,Killer Whale,60026
6002607N,0  B30:01.788  18:24.102,45400,2.027,Killer Whale,60026
6002607O,0  B30:01.788  19:22.350,45400,2.634,Killer Whale,60026
6002607P,0  B30:01.788  20:27.106,45400,2.359,Killer Whale,60026
6002607Q,0  B30:01.788  25:50.552,45400,1.359,Killer Whale,60026
61062001,130,10240,3.300,Killer Whale,61062
61062002,178,10240,1.891,Killer Whale,61062
61062003,196,10240,3.500,Killer Whale,61062
61062004,214,10240,1.884,Killer Whale,61062
61062005,218,10240,1.884,Killer Whale,61062
61062006,223,10240,3.769,Killer Whale,61062
64020001,401,20480,1.887,Killer Whale,64020
64020002,448,20480,1.887,Killer Whale,64020
64020003,502,20480,1.887,Killer Whale,64020
64023001,184,10240,1.884,Killer Whale,64023
64023002,441,20480,1.400,Killer Whale,64023
64025001,199,20000,5.500,Killer Whale,64025
64025002,214,20000,4.700,Killer Whale,64025
64025003,233,20000,3.190,Killer Whale,64025
64025004,239,20000,4.600,Killer Whale,64025
64025005,250,20000,4.900,Killer Whale,64025
64025006,263,20000,4.600,Killer Whale,64025
64025007,271,20000,2.400,Killer Whale,64025
64025008,289,20000,3.030,Killer Whale,64025
64025009,303,20000,3.190,Killer Whale,64025
64030001,0  B16:00  0:04.885,40000,0.988,Killer Whale,64030
64030002,0  B16:00  0:06.373,40000,1.185,Killer Whale,64030
64030003,0  B16:00  0:07.897,40000,1.370,Killer Whale,64030
64030004,0  B16:00  0:09.721,40000,1.028,Killer Whale,64030
64030005,0  B16:00  0:11.078,40000,1.273,Killer Whale,64030
64030006,0  B16:00  0:12.640,40000,1.191,Killer Whale,64030
64030007,0  B16:00  0:14.281,40000,1.439,Killer Whale,64030
64030008,0  B16:00  0:16.023,40000,1.145,Killer Whale,64030
64030009,0  B16:00  0:17.564,40000,1.194,Killer Whale,64030
6403000A,0  B16:00  0:18.892,40000,1.157,Killer Whale,64030
6403000B,0  B16:00  0:20.491,40000,1.043,Killer Whale,64030
6403000C,0  B16:00  0:22.010,40000,1.031,Killer Whale,64030
6403000D,0  B16:00  0:23.478,40000,1.031,Killer Whale,64030
6403000E,0  B16:00  0:25.043,40000,0.951,Killer Whale,64030
6403000F,0  B16:00  0:26.533,40000,1.154,Killer Whale,64030
6403000G,0  B16:00  0:28.235,40000,0.957,Killer Whale,64030
6403000H,0  B16:00  0:29.785,40000,1.159,Killer Whale,64030
6403000I,0  B16:00  0:31.504,40000,1.031,Killer Whale,64030
6403000J,0  B16:00  0:33.157,40000,1.175,Killer Whale,64030
6403000K,0  B16:00  0:34.611,40000,1.219,Killer Whale,64030
6403000L,0  B16:00  0:36.168,40000,1.138,Killer Whale,64030
6403000M,0  B16:00  0:37.650,40000,1.214,Killer Whale,64030
6403000N,0  B16:00  0:39.314,40000,1.164,Killer Whale,64030
6403000O,0  B16:00  0:40.744,40000,1.224,Killer Whale,64030
6403000P,0  B16:00  0:44.972,40000,1.463,Killer Whale,64030
6403000Q,0  B16:00  0:49.974,40000,1.777,Killer Whale,64030
6403000R,0  B16:00  1:12.692,40000,2.041,Killer Whale,64030
6403000S,0  B16:00  1:18.198,40000,2.280,Killer Whale,64030
6403000T,0  B16:00  1:34.725,40000,2.688,Killer Whale,64030
6403000U,0  B16:00  2:03.617,40000,3.284,Killer Whale,64030
6403000V,0  B16:00  2:18.217,40000,3.028,Killer Whale,64030
6403000W,0  B16:00  6:14.378,40000,1.629,Killer Whale,64030
6403000X,0  B16:00  6:16.008,40000,2.553,Killer Whale,64030
6403000Y,0  B16:00  6:30.120,40000,1.864,Killer Whale,64030
6403000Z,0  B16:00  6:42.468,40000,2.049,Killer Whale,64030
64031001,0  B12:55   0:25.014,40000,2.113,Killer Whale,64031
64031002,0  B12:55   0:32.041,40000,2.168,Killer Whale,64031
64031003,0  B12:55   0:35.745,40000,1.778,Killer Whale,64031
64031004,0  B12:55   0:37.215,40000,2.726,Killer Whale,64031
64031005,0  B12:55   0:40.324,40000,2.962,Killer Whale,64031
64031006,0  B12:55   0:43.794,40000,2.601,Killer Whale,64031
64031007,0  B12:55   0:46.770,40000,2.690,Killer Whale,64031
64031008,0  B12:55   0:50.100,40000,1.690,Killer Whale,64031
64031009,0  B12:55   0:51.680,40000,2.616,Killer Whale,64031
6403100A,0  B12:55   0:54.231,40000,3.101,Killer Whale,64031
6403100B,0  B12:55   1:00.552,40000,2.058,Killer Whale,64031
6403100C,0  B12:55   1:02.301,40000,2.094,Killer Whale,64031
6403100D,0  B12:55   1:07.725,40000,2.506,Killer Whale,64031
6403100E,0  B12:55   1:12.819,40000,2.748,Killer Whale,64031
6403100F,0  B12:55   1:43.667,40000,1.903,Killer Whale,64031
6403100G,0  B12:55   1:50.179,40000,2.102,Killer Whale,64031
6403100H,0  B12:55   1:57.418,40000,2.337,Killer Whale,64031
6403100I,0  B12:55   2:10.884,40000,2.035,Killer Whale,64031
6403100J,0  B12:55   2:15.646,40000,1.903,Killer Whale,64031
6403100K,0  B12:55   2:20.122,40000,1.844,Killer Whale,64031
6403100L,0  B12:55   2:22.789,40000,2.215,Killer Whale,64031
6403100M,0  B12:55   2:28.261,40000,1.869,Killer Whale,64031
6403100N,0  B12:55   2:31.266,40000,2.345,Killer Whale,64031
6403100O,0  B12:55   2:38.165,40000,2.184,Killer Whale,64031
6403100P,0  B12:55   2:41.106,40000,1.816,Killer Whale,64031
6403100Q,0  B12:55   2:42.771,40000,2.551,Killer Whale,64031
6403100R,0  B12:55   2:45.755,40000,1.989,Killer Whale,64031
6403100S,0  B12:55   2:47.809,40000,2.400,Killer Whale,64031
6403100T,0  B12:55   2:50.102,40000,2.443,Killer Whale,64031
6403100U,0  B12:55   2:52.545,40000,2.443,Killer Whale,64031
6403100V,0  B12:55   2:56.957,40000,2.595,Killer Whale,64031
6403100W,0  B12:55   3:01.995,40000,2.486,Killer Whale,64031
6403100X,0  B12:55   3:06.104,40000,2.854,Killer Whale,64031
6403100Y,0  B12:55   3:09.607,40000,2.292,Killer Whale,64031
6403100Z,0  B12:55   3:12.202,40000,1.794,Killer Whale,64031
64031010,0  B12:55   3:13.911,40000,1.470,Killer Whale,64031
64031011,0  B12:55   3:15.360,40000,1.967,Killer Whale,64031
64031012,0  B12:55   3:19.014,40000,1.275,Killer Whale,64031
64031013,0  B12:55   3:20.290,40000,2.227,Killer Whale,64031
64031014,0  B12:55   3:22.820,40000,2.335,Killer Whale,64031
64031015,0  B12:55   3:25.156,40000,2.292,Killer Whale,64031
64031016,0  B12:55   3:28.313,40000,2.703,Killer Whale,64031
64031017,0  B12:55   3:33.049,40000,1.924,Killer Whale,64031
64031018,0  B12:55   3:34.801,40000,2.703,Killer Whale,64031
64031019,0  B12:55   3:41.850,40000,1.665,Killer Whale,64031
6403101A,0  B12:55   3:43.429,40000,1.708,Killer Whale,64031
6403101B,0  B12:55   3:45.267,40000,1.708,Killer Whale,64031
6403101C,0  B12:55   3:46.954,40000,2.724,Killer Whale,64031
6403101D,0  B12:55   3:49.938,40000,2.486,Killer Whale,64031
6403101E,0  B12:55   3:55.193,40000,1.773,Killer Whale,64031
6403101F,0  B12:55   3:56.923,40000,1.643,Killer Whale,64031
6403101G,0  B12:55   3:58.328,40000,2.378,Killer Whale,64031
6403101H,0  B12:55   4:00.621,40000,2.184,Killer Whale,64031
6403101I,0  B12:55   4:02.718,40000,1.816,Killer Whale,64031
6403101J,0  B12:55   4:04.556,40000,3.524,Killer Whale,64031
6403101K,0  B12:55   4:08.535,40000,3.287,Killer Whale,64031
6403101L,0  B12:55   4:12.255,40000,3.049,Killer Whale,64031
6403101M,0  B12:55   4:16.472,40000,2.205,Killer Whale,64031
6403101N,0  B12:55   4:18.915,40000,3.114,Killer Whale,64031
6403101O,0  B12:55   4:21.878,40000,2.205,Killer Whale,64031
6403101P,0  B12:55   4:27.220,40000,2.530,Killer Whale,64031
6403101Q,0  B12:55   4:30.896,40000,2.941,Killer Whale,64031
6403101R,0  B12:55   4:34.637,40000,3.027,Killer Whale,64031
6403101S,0  B12:55   4:38.097,40000,2.335,Killer Whale,64031
6403101T,0  B12:55   4:40.649,40000,2.184,Killer Whale,64031
6403101U,0  B12:55   4:42.962,40000,2.249,Killer Whale,64031
6403101V,0  B12:55   4:45.276,40000,2.551,Killer Whale,64031
6403101W,0  B12:55   4:48.131,40000,2.486,Killer Whale,64031
6403101X,0  B12:55   4:51.418,40000,2.681,Killer Whale,64031
6403101Y,0  B12:55   4:54.488,40000,3.849,Killer Whale,64031
6403101Z,0  B12:55   5:01.776,40000,2.768,Killer Whale,64031
64031020,0  B12:55   5:07.485,40000,3.546,Killer Whale,64031
64031021,0  B12:55   5:14.275,40000,2.638,Killer Whale,64031
64031022,0  B12:55   5:18.233,40000,3.135,Killer Whale,64031
64031023,0  B12:55   5:23.985,40000,3.049,Killer Whale,64031
64031024,0  B12:55   5:27.964,40000,2.854,Killer Whale,64031
64031025,0  B12:55   5:31.770,40000,2.919,Killer Whale,64031
64031026,0  B12:55   5:35.100,40000,3.135,Killer Whale,64031
64031027,0  B12:55   5:38.647,40000,2.962,Killer Whale,64031
64031028,0  B12:55   5:42.063,40000,3.287,Killer Whale,64031
64031029,0  B12:55   5:47.340,40000,2.313,Killer Whale,64031
6403102A,0  B12:55   5:51.643,40000,2.508,Killer Whale,64031
6403102B,0  B12:55   5:57.309,40000,2.032,Killer Whale,64031
6403102C,0  B12:55   5:59.601,40000,2.184,Killer Whale,64031
6403102D,0  B12:55   6:02.002,40000,2.422,Killer Whale,64031
6403102E,0  B12:55   6:07.732,40000,2.530,Killer Whale,64031
6403102F,0  B12:55   6:10.933,40000,2.508,Killer Whale,64031
6403102G,0  B12:55   6:17.117,40000,1.881,Killer Whale,64031
6403102H,0  B12:55   6:18.783,40000,2.638,Killer Whale,64031
6403102I,0  B12:55   6:21.291,40000,3.092,Killer Whale,64031
6403102J,0  B12:55   6:24.838,40000,2.724,Killer Whale,64031
6403102K,0  B12:55   6:28.038,40000,2.768,Killer Whale,64031
6403102L,0  B12:55   6:32.795,40000,2.919,Killer Whale,64031
6403102M,0  B12:55   6:36.839,40000,2.054,Killer Whale,64031
6403102N,0  B12:55   6:38.721,40000,2.054,Killer Whale,64031
6403102O,0  B12:55   6:42.588,40000,2.397,Killer Whale,64031
6403102P,0  B12:55   6:46.485,40000,1.722,Killer Whale,64031
6403102Q,0  B12:55   6:48.264,40000,1.902,Killer Whale,64031
6403102R,0  B12:55   6:52.431,40000,2.082,Killer Whale,64031
6403102S,0  B12:55   6:57.207,40000,1.847,Killer Whale,64031
6403102T,0  B12:55   6:59.099,40000,1.982,Killer Whale,64031
6403102U,0  B12:55   7:01.396,40000,2.049,Killer Whale,64031
6403102V,0  B12:55   7:03.424,40000,1.756,Killer Whale,64031
6403102W,0  B12:55   7:05.068,40000,2.117,Killer Whale,64031
6403102X,0  B12:55   7:08.320,40000,2.883,Killer Whale,64031
6403102Y,0  B12:55   7:17.808,40000,3.278,Killer Whale,64031
6403102Z,0  B12:55   7:22.551,40000,2.883,Killer Whale,64031
64031031,0  B12:55   7:28.569,40000,2.005,Killer Whale,64031
64031032,0  B12:55   7:30.414,40000,2.459,Killer Whale,64031
64031033,0  B12:55   7:32.698,40000,2.064,Killer Whale,64031
64031034,0  B12:55   7:34.631,40000,2.811,Killer Whale,64031
64031035,0  B12:55   7:37.442,40000,2.020,Killer Whale,64031
64031036,0  B12:55   7:39.419,40000,2.284,Killer Whale,64031
64031037,0  B12:55   7:41.659,40000,2.108,Killer Whale,64031
64031038,0  B12:55   7:43.460,40000,2.371,Killer Whale,64031
64031039,0  B12:55   7:45.700,40000,2.196,Killer Whale,64031
6403103A,0  B12:55   7:52.947,40000,2.284,Killer Whale,64031
6403103B,0  B12:55   8:09.595,40000,3.294,Killer Whale,64031
6403103C,0  B12:55   8:13.153,40000,2.152,Killer Whale,64031
6403103D,0  B12:55   8:15.042,40000,2.591,Killer Whale,64031
6403103E,0  B12:55   8:17.765,40000,2.328,Killer Whale,64031
6403103F,0  B12:55   8:20.137,40000,3.162,Killer Whale,64031
6403103G,0  B12:55   8:23.563,40000,3.074,Killer Whale,64031
6403103H,0  B12:55   8:28.615,40000,3.206,Killer Whale,64031
6403103I,0  B12:55   8:33.227,40000,3.162,Killer Whale,64031
6403103J,0  B12:55   8:36.082,40000,2.899,Killer Whale,64031
6403103K,0  B12:55   8:38.981,40000,3.162,Killer Whale,64031
6403103L,0  B12:55   8:42.143,40000,3.206,Killer Whale,64031
6403103M,0  B12:55   8:45.262,40000,1.757,Killer Whale,64031
6403103N,0  B12:55   8:47.019,40000,2.679,Killer Whale,64031
6403103O,0  B12:55   8:49.786,40000,2.855,Killer Whale,64031
6403103P,0  B12:55   8:53.344,40000,3.206,Killer Whale,64031
6403103Q,0  B12:55   8:59.845,40000,4.041,Killer Whale,64031
6403103R,0  B12:55   9:05.731,40000,2.064,Killer Whale,64031
6403103S,0  B12:55   9:07.532,40000,2.415,Killer Whale,64031
6403103T,0  B12:55   9:12.320,40000,3.382,Killer Whale,64031
6403103U,0  B12:55   9:15.482,40000,5.358,Killer Whale,64031
6403103V,0  B12:55   9:21.572,40000,2.229,Killer Whale,64031
6403103W,0  B12:55   9:26.059,40000,2.972,Killer Whale,64031
6403103X,0  B12:55   9:29.609,40000,1.568,Killer Whale,64031
6403103Y,0  B12:55   9:31.068,40000,1.623,Killer Whale,64031
6403103Z,0  B12:55   9:32.892,40000,3.798,Killer Whale,64031
64031040,0  B12:55   9:37.434,40000,2.972,Killer Whale,64031
64031041,0  B12:55   9:46.242,40000,2.945,Killer Whale,64031
64031042,0  B12:55   9:50.784,40000,1.761,Killer Whale,64031
64031043,0  B12:55   9:52.270,40000,3.110,Killer Whale,64031
64031044,0  B12:55   9:57.885,40000,2.229,Killer Whale,64031
64031045,0  B12:55   10:01.986,40000,2.229,Killer Whale,64031
64031046,0  B12:55   10:04.436,40000,1.513,Killer Whale,64031
64031047,0  B12:55   10:06.088,40000,1.761,Killer Whale,64031
64031048,0  B12:55   10:38.595,40000,1.679,Killer Whale,64031
64031049,0  B12:55   10:40.494,40000,1.816,Killer Whale,64031
6403104A,0  B12:55   10:42.145,40000,2.174,Killer Whale,64031
6403104B,0  B12:55   10:52.880,40000,2.091,Killer Whale,64031
6403104C,0  B12:55   10:55.715,40000,1.871,Killer Whale,64031
6403104D,0  B12:55   10:57.532,40000,1.734,Killer Whale,64031
6403104E,0  B12:55   10:59.101,40000,2.091,Killer Whale,64031
6403104F,0  B12:55   11:07.578,40000,3.413,Killer Whale,64031
6403104G,0  B12:55   11:23.020,40000,2.284,Killer Whale,64031
6403104H,0  B12:55   11:32.681,40000,2.587,Killer Whale,64031
6403104I,0  B12:55   11:35.186,40000,2.752,Killer Whale,64031
6403104J,0  B12:55   11:41.792,40000,2.449,Killer Whale,64031
6403104K,0  B12:55   11:49.306,40000,2.367,Killer Whale,64031
6403104L,0  B12:55   11:52.004,40000,2.422,Killer Whale,64031
6403104M,0  B12:55   11:56.353,40000,2.036,Killer Whale,64031
6403104N,0  B12:55   11:58.224,40000,1.899,Killer Whale,64031
6403104O,0  B12:55   12:00.592,40000,3.247,Killer Whale,64031
6403104P,0  B12:55   12:06.537,40000,2.780,Killer Whale,64031
6403104Q,0  B12:55   12:12.042,40000,3.137,Killer Whale,64031
6403104R,0  B12:55   12:18.400,40000,2.945,Killer Whale,64031
6403104S,0  B12:55   12:25.006,40000,3.468,Killer Whale,64031
6403104T,0  B12:55   12:28.777,40000,3.220,Killer Whale,64031
6403104U,0  B12:55   12:33.924,40000,2.367,Killer Whale,64031
6403104V,0  B12:55   12:36.071,40000,1.321,Killer Whale,64031
6403104W,0  B12:55   12:37.310,40000,1.871,Killer Whale,64031
6403104X,0  B12:55   12:38.989,40000,1.926,Killer Whale,64031
6403104Y,0  B12:55   12:40.668,40000,4.266,Killer Whale,64031
6403104Z,0  B12:55   12:50.136,40000,3.468,Killer Whale,64031
66049001,342,20000,5.6,Killer Whale,66049
66049002,343,20000,6.0,Killer Whale,66049
66049003,363,20000,1.03,Killer Whale,66049
79015001,12,20000,3.5,Killer Whale,79015
79015002,14,20000,2.1,Killer Whale,79015
79015003,15,20000,2.3,Killer Whale,79015
79015004,20,20000,2.36,Killer Whale,79015
79015005,22,20000,5.47,Killer Whale,79015
79015006,25,20000,4.35,Killer Whale,79015
79015007,27,20000,3.18,Killer Whale,79015
79015008,31,20000,1.69,Killer Whale,79015
79015009,32,20000,4.89,Killer Whale,79015
7901500A,34,20000,0.867,Killer Whale,79015
7901500B,37,20000,1.87,Killer Whale,79015
7901500C,38,20000,1.39,Killer Whale,79015
7901500D,39,20000,4.2,Killer Whale,79015
7901500E,40,20000,1.63,Killer Whale,79015
7901500F,46,20000,1.34,Killer Whale,79015
7901500G,49,20000,2.76,Killer Whale,79015
7901500H,50,20000,3.75,Killer Whale,79015
7901500I,56,20000,2.5,Killer Whale,79015
7901500J,58,20000,2.5,Killer Whale,79015
7901500K,60,20000,1.2,Killer Whale,79015
7901500L,64,20000,2.36,Killer Whale,79015
7901500M,76,20000,2.38,Killer Whale,79015
7901500N,86,20000,2.69,Killer Whale,79015
7901500O,92,20000,2.72,Killer Whale,79015
7901500P,99,20000,1.73,Killer Whale,79015
97761001,02:15:55:06,21900,1.8703,Killer Whale,97761
97761002,02:16:19:02,21900,1.2507,Killer Whale,97761
97761003,02:16:40:26,21900,1.7884,Killer Whale,97761
97761004,02:16:53:19,21900,1.3705,Killer Whale,97761
97761005,02:17:04:15,,1.4553,Killer Whale,97761
97761006,02:17:16:06,21900,1.5693,Killer Whale,97761
97761007,02:17:18:04,21900,1.8527,Killer Whale,97761
97761008,02:18:14:18,21900,1.6774,Killer Whale,97761
97761009,02:18:59:08,21900,0.9497,Killer Whale,97761
9776100A,02:19:16:08,21900,1.4553,Killer Whale,97761
9776100B,02:19:49:20,21900,0.4854,Killer Whale,97761
9776100C,02:19:56:28,21900,1.6310,Killer Whale,97761
9776100D,02:20:22:22,21900,1.4410,Killer Whale,97761
9776100E,02:30:32:01,21900,2.1589,Killer Whale,97761
9776100F,02:31:21:21,21900,1.8644,Killer Whale,97761
9776100G,02:32:33:15,21900,2.1698,Killer Whale,97761
9776100H,03:05:43:09,21900,1.2215,Killer Whale,97761
9776100I,03:06:01:29,21900,0.6078,Killer Whale,97761
9776100J,03:06:10:27,21900,0.8650,Killer Whale,97761
9776100K,03:06:19:01,21900,0.5698,Killer Whale,97761
9776100L,03:06:19:04,21900,0.5209,Killer Whale,97761
9776100M,03:06:21:12,21900,1.7603,Killer Whale,97761
9776100N,03:06:24:00,21900,1.5696,Killer Whale,97761
9776100O,03:06:37:10,21900,1.8217,Killer Whale,97761
9776100P,03:06:46:04,21900,0.5552,Killer Whale,97761
9776100Q,03:06:48:14,21900,1.3618,Killer Whale,97761
9776100R,03:06:53:15,21900,1.4027,Killer Whale,97761
9776100S,03:36:33:19,21900,1.7125,Killer Whale,97761
9776100T,03:37:22:04,21900,0.3371,Killer Whale,97761
9776100U,03:37:24:13,21900,1.1747,Killer Whale,97761
9776100V,03:37:41:27,21900,1.1864,Killer Whale,97761
9776100W,03:37:53:03,21900,1.5780,Killer Whale,97761
9776100X,03:38:04:23,21900,1.7651,Killer Whale,97761
9776100Y,03:38:13:26,21900,1.3326,Killer Whale,97761
9776100Z,03:38:50:02,21900,1.5663,Killer Whale,97761
97761010,03:38:54:17,21900,0.9263,Killer Whale,97761
97761011,03:38:58:10,21900,1.3822,Killer Whale,97761
97761012,03:39:00:13,21900,1.7037,Killer Whale,97761
97761013,03:39:07:10,21900,0.9347,Killer Whale,97761
97761014,03:39:09:15,21900,2.0448,Killer Whale,97761
97761015,03:39:31:08,21900,1.6276,Killer Whale,97761
97761016,03:39:33:18,21900,2.3554,Killer Whale,97761
97761017,03:39:36:10,21900,1.8816,Killer Whale,97761
97761018,03:39:39:16,21900,1.0981,Killer Whale,97761
97761019,03:40:02:14,21900,1.2040,Killer Whale,97761
9776101A,03:40:05:06,21900,2.0631,Killer Whale,97761
9776101B,03:40:38:20,21900,1.5605,Killer Whale,97761
9776101C,03:40:59:28,21900,1.2770,Killer Whale,97761
9776101D,03:41:03:23,21900,1.8732,Killer Whale,97761
9776101E,03:41:18:26,21900,0.6787,Killer Whale,97761
9776101F,03:41:21:06,21900,1.3530,Killer Whale,97761
9776101G,03:41:23:20,21900,0.7101,Killer Whale,97761
9776101H,03:41:25:08,21900,1.8118,Killer Whale,97761
9776101I,03:41:55:22,21900,1.4933,Killer Whale,97761
9776101J,03:42:06:17,21900,1.2244,Killer Whale,97761
9776101K,03:42:20:13,21900,1.1747,Killer Whale,97761
9776101L,03:42:58:20,21900,1.6463,Killer Whale,97761
9776101M,03:43:01:27,21900,0.8774,Killer Whale,97761
9776101N,03:43:03:29,21900,1.8894,Killer Whale,97761
9776101O,03:43:21:12,21900,2.0807,Killer Whale,97761
9776101P,03:43:24:14,21900,1.5934,Killer Whale,97761
9776101Q,03:43:28:16,21900,1.0807,Killer Whale,97761
9776101R,03:43:30:15,21900,2.0633,Killer Whale,97761
9776101S,03:44:00:19,21900,0.9755,Killer Whale,97761
9776101T,03:44:02:14,21900,1.6655,Killer Whale,97761
9776101U,03:44:12:17,21900,1.2221,Killer Whale,97761
9776101V,03:44:14:05,21900,2.6173,Killer Whale,97761
9776101W,03:44:30:21,21900,0.9033,Killer Whale,97761
9776101X,03:44:31:25,21900,1.0732,Killer Whale,97761
9776101Y,03:44:35:23,21900,1.2997,Killer Whale,97761
9776101Z,03:51:15:26,21900,0.7652,Killer Whale,97761
97761020,03:51:22:03,21900,1.4202,Killer Whale,97761
97761021,03:52:06:21,21900,1.2361,Killer Whale,97761
97761022,03:52:35:09,21900,0.8007,Killer Whale,97761
97761023,03:52:58:00,21900,1.1835,Killer Whale,97761
97761024,03:53:00:29,21900,1.5342,Killer Whale,97761
97764001,22:57:37:02,21900,1.4699,Killer Whale,97764
97764002,22:58:43:28,21900,1.3822,Killer Whale,97764
97764003,22:58:53:17,21900,1.4436,Killer Whale,97764
97764004,22:58:57:14,21900,2.0573,Killer Whale,97764
97764005,22:59:08:11,21900,1.5196,Killer Whale,97764
97764006,22:59:12:20,21900,2.4284,Killer Whale,97764
97764007,22:59:18:01,21900,2.2180,Killer Whale,97764
97764008,22:59:21:29,21900,2.4021,Killer Whale,97764
97764009,22:59:30:15,21900,2.1859,Killer Whale,97764
9776400A,22:59:54:05,21900,1.8410,Killer Whale,97764
9776400B,23:00:46:16,21900,1.8564,Killer Whale,97764
9776400C,23:05:20:28,21900,1.7125,Killer Whale,97764
9776400D,23:05:42:24,21900,1.5605,Killer Whale,97764
9776400E,23:06:02:22,21900,1.8469,Killer Whale,97764
9776400F,23:06:25:03,21900,1.5254,Killer Whale,97764
9776400G,23:07:32:11,21900,0.8094,Killer Whale,97764
9776400H,23:22:06:00,21900,1.3355,Killer Whale,97764
9776400I,23:22:15:27,21900,1.2361,Killer Whale,97764
97765001,10:27:33:13,21900,1.9170,Killer Whale,97765
97765002,10:28:43:28,21900,2.2882,Killer Whale,97765
97765003,10:29:31:20,21900,0.7598,Killer Whale,97765
97765004,10:35:49:22,21900,1.4494,Killer Whale,97765
97765005,10:35:53:26,21900,1.8498,Killer Whale,97765
97765006,10:35:56:00,21900,1.4553,Killer Whale,97765
97765007,10:41:05:19,21900,1.2916,Killer Whale,97765
97765008,10:41:07:12,21900,1.1338,Killer Whale,97765
97765009,11:57:01:11,21900,0.9848,Killer Whale,97765
97768001,15:10:51:01,21900,1.364,Killer Whale,97768
97768002,15:26:12:26,21900,0.870,Killer Whale,97768
97768003,15:26:15:20,21900,0.900,Killer Whale,97768
97768004,15:26:21:10,21900,1.095,Killer Whale,97768
97768005,15:26:26:10,21900,1.335,Killer Whale,97768
97768006,15:41:40:02,21900,3.816,Killer Whale,97768
97768007,16:02:37:06,21900,1.686,Killer Whale,97768
97768008,16:02:54:06,21900,1.163,Killer Whale,97768
97768009,16:03:13:27,21900,1.147,Killer Whale,97768
9776800A,16:05:01:12,21900,1.040,Killer Whale,97768
9776800B,16:10:39:16,21900,0.967,Killer Whale,97768
97772001,14:45:52:28,21900,1.57774,Killer Whale,97772
97772002,14:45:55:09,21900,2.01644,Killer Whale,97772
97772003,14:49:27:22,21900,1.20404,Killer Whale,97772
97772004,14:54:45:19,21900,1.94040,Killer Whale,97772
97772005,14:54:52:00,21900,0.99650,Killer Whale,97772
97772006,14:55:35:10,21900,1.39980,Killer Whale,97772
97772007,14:56:18:08,21900,1.39100,Killer Whale,97772
97772008,14:58:09:27,21900,0.91470,Killer Whale,97772
97772009,14:58:49:07,21900,1.14840,Killer Whale,97772
9777200A,15:00:05:28,21900,1.01690,Killer Whale,97772
9777200B,15:08:16:10,21900,0.97890,Killer Whale,97772
9777200C,15:08:19:07,21900,2.16250,Killer Whale,97772
9777200D,15:10:34:08,21900,0.66330,Killer Whale,97772
9777200E,15:14:32:18,21900,0.84450,Killer Whale,97772
9777200F,15:15:36:04,21900,1.23610,Killer Whale,97772
9777200G,15:15:59:02,21900,0.61950,Killer Whale,97772
9777200H,15:16:05:21,21900,0.69550,Killer Whale,97772
9777200I,15:16:16:11,21900,1.17180,Killer Whale,97772
9777200J,15:17:50:03,21900,1.67150,Killer Whale,97772
9777200K,15:20:08:14,21900,0.88840,Killer Whale,97772
9777200L,15:20:16:08,21900,1.14550,Killer Whale,97772
9777200M,15:40:58:13,21900,1.13680,Killer Whale,97772
9777200N,15:41:19:18,21900,1.75920,Killer Whale,97772
9777200O,15:44:51:24,21900,0.92930,Killer Whale,97772
9777200P,15:45:24:26,21900,1.72120,Killer Whale,97772
9777200Q,15:54:26:00,21900,2.08360,Killer Whale,97772
9777200R,15:55:27:04,21900,2.74700,Killer Whale,97772
9777200S,15:58:22:24,21900,1.64520,Killer Whale,97772
9777200T,15:58:32:11,21900,1.18060,Killer Whale,97772
9777200U,15:59:15:11,21900,1.45530,Killer Whale,97772
9777200V,16:18:47:23,21900,0.78900,Killer Whale,97772
9777200W,16:33:36:07,21900,1.32670,Killer Whale,97772
9777200X,16:34:24:16,21900,1.63360,Killer Whale,97772
97773001,01:52:21:16,21900,1.24204,Killer Whale,97773
97773002,01:52:25:12,21900,0.95564,Killer Whale,97773
97773003,01:52:37:14,21900,1.09884,Killer Whale,97773
97773004,01:52:52:04,21900,1.36474,Killer Whale,97773
97773005,01:53:18:15,21900,0.86214,Killer Whale,97773
97773006,01:53:33:07,21900,1.32964,Killer Whale,97773
97773007,01:53:46:09,21900,1.20984,Killer Whale,97773
97773008,01:53:55:08,21900,1.84694,Killer Whale,97773
97773009,01:54:39:18,21900,0.56984,Killer Whale,97773
9777300A,01:54:41:09,21900,1.24204,Killer Whale,97773
9777300B,01:54:44:20,21900,1.49624,Killer Whale,97773
9777300C,01:56:47:08,21900,0.57604,Killer Whale,97773
9777300D,01:56:47:03,21900,0.9117,Killer Whale,97773
9777300E,01:57:46:27,21900,1.6263,Killer Whale,97773
9777300F,02:04:05:17,21900,0.8657,Killer Whale,97773
9777300G,02:04:06:15,21900,1.3630,Killer Whale,97773
9777300H,02:04:43:21,21900,1.0140,Killer Whale,97773
9777300I,02:04:47:26,21900,0.5873,Killer Whale,97773
9777300J,02:04:49:06,21900,1.0754,Killer Whale,97773
9777300K,02:05:27:08,21900,1.7651,Killer Whale,97773
9777300L,02:06:04:21,21900,1.0052,Killer Whale,97773
9777300M,02:06:40:14,21900,1.2215,Killer Whale,97773
9777300N,02:06:52:24,21900,0.9526,Killer Whale,97773
9777300O,02:10:36:24,21900,0.7831,Killer Whale,97773
9777300P,02:39:35:23,21900,0.9760,Killer Whale,97773
9777300Q,03:14:22:28,21900,0.9147,Killer Whale,97773
9777300R,03:25:03:15,21900,1.3968,Killer Whale,97773
97775001,21:00:40:12,21900,1.6840,Killer Whale,97775
97775002,21:00:43:10,21900,1.9368,Killer Whale,97775
97775003,21:01:26:13,21900,0.8796,Killer Whale,97775
97775004,21:03:38:02,21900,1.0403,Killer Whale,97775
97775005,21:05:02:17,21900,1.70706,Killer Whale,97775
97775006,21:05:34:09,21900,1.61750,Killer Whale,97775
97775007,21:06:40:24,21900,0.41317,Killer Whale,97775
97775008,21:06:41:27,21900,1.44367,Killer Whale,97775
97775009,21:07:22:03,21900,0.74663,Killer Whale,97775
9777500A,21:07:23:05,21900,1.62043,Killer Whale,97775
9777500B,21:07:45:23,21900,0.42262,Killer Whale,97775
9777500C,21:07:45:26,21900,0.29332,Killer Whale,97775
9777500D,21:08:20:18,21900,0.58443,Killer Whale,97775
9777500E,21:08:21:27,21900,1.89843,Killer Whale,97775
9777500F,21:10:33:21,21900,2.45550,Killer Whale,97775
9777500G,21:12:36:21,21900,2.337,Killer Whale,97775
9777500H,21:13:27:02,21900,1.965,Killer Whale,97775
9777500I,21:17:38:15,21900,2.2314,Killer Whale,97775
9777500J,21:23:58:16,21900,1.1526,Killer Whale,97775
9777500K,21:24:10:24,21900,1.2090,Killer Whale,97775
9777500L,21:25:01:15,21900,2.0185,Killer Whale,97775
9777500M,21:41:08:03,21900,2.3747,Killer Whale,97775
9777500N,21:42:57:24,21900,1.896,Killer Whale,97775
9777500O,21:43:21:01,21900,2.0398,Killer Whale,97775
97776001,00:24:46:15,21900,0.7481,Killer Whale,97776
97776002,00:24:53:21,21900,0.8562,Killer Whale,97776
97776003,00:24:59:09,21900,0.9965,Killer Whale,97776
97776004,00:25:17:25,21900,0.7072,Killer Whale,97776
97776005,00:27:14:24,21900,2.2385,Killer Whale,97776
97776006,00:29:05:16,21900,1.25071,Killer Whale,97776
97776007,00:29:52:13,21900,1.21271,Killer Whale,97776
97776008,00:31:23:22,21900,1.03451,Killer Whale,97776
97776009,00:31:30:28,21900,1.25661,Killer Whale,97776
9777600A,00:32:00:05,21900,1.61021,Killer Whale,97776
9777600B,00:33:13:18,21900,3.04501,Killer Whale,97776
9777600C,00:34:29:04,21900,1.59261,Killer Whale,97776
9777600D,00:35:45:16,21900,1.25361,Killer Whale,97776
9777600E,00:36:21:19,21900,1.35011,Killer Whale,97776
9777600F,00:40:46:09,21900,1.82131,Killer Whale,97776
9777600G,00:41:06:07,21900,1.20181,Killer Whale,97776
9777600H,00:41:09:26,21900,1.66881,Killer Whale,97776
9777600I,00:41:17:26,21900,1.11311,Killer Whale,97776
9777600J,00:41:20:12,21900,2.51611,Killer Whale,97776
9777600K,00:41:26:10,21900,1.88781,Killer Whale,97776
9777600L,00:41:39:19,21900,5.08781,Killer Whale,97776
9777600M,00:42:08:17,21900,3.06631,Killer Whale,97776
9777600N,00:42:34:25,21900,0.90301,Killer Whale,97776
9777600O,00:48:10:21,21900,1.15721,Killer Whale,97776
9777600P,00:48:26:02,21900,1.29161,Killer Whale,97776
97777001,22:14:29:07,21900,0.9293,Killer Whale,97777
97777002,22:17:33:04,21900,1.5459,Killer Whale,97777
97777003,22:18:00:26,21900,1.4173,Killer Whale,97777
97777004,22:23:04:25,21900,0.9293,Killer Whale,97777
97777005,22:42:05:06,21900,1.0608,Killer Whale,97777
97777006,23:04:31:16,21900,0.97600,Killer Whale,97777
97777007,23:05:10:13,21900,1.11340,Killer Whale,97777
97778002,02:15:18:07,21900,1.1650,Killer Whale,97778
97778003,02:15:30:02,21900,0.5004,Killer Whale,97778
97778004,02:15:31:26,21900,1.3128,Killer Whale,97778
97778005,02:15:45:28,21900,0.7031,Killer Whale,97778
97778006,02:15:49:01,21900,1.3333,Killer Whale,97778
97778007,02:15:51:25,21900,1.3389,Killer Whale,97778
97778008,02:16:08:01,21900,0.6807,Killer Whale,97778
97778009,02:16:09:23,21900,1.3196,Killer Whale,97778
9777800A,02:16:26:01,21900,0.9760,Killer Whale,97778
9777800B,02:16:27:23,21900,2.0500,Killer Whale,97778
9777800C,02:16:48:29,21900,1.3927,Killer Whale,97778
9777800D,02:16:51:01,21900,1.4698,Killer Whale,97778
9777800E,02:17:07:03,21900,0.5326,Killer Whale,97778
9777800F,02:17:08:18,21900,1.1715,Killer Whale,97778
9777800G,02:17:12:04,21900,0.4522,Killer Whale,97778
9777800H,02:17:14:16,21900,1.7103,Killer Whale,97778
9777800I,02:17:40:22,21900,1.6423,Killer Whale,97778
9777800J,02:25:16:01,21900,1.1991,Killer Whale,97778
9777800K,02:25:32:06,21900,1.0531,Killer Whale,97778
9777800L,02:25:34:28,21900,1.1941,Killer Whale,97778
9777800M,02:25:47:03,21900,1.4451,Killer Whale,97778
97779001,02:01:18:18,21900,1.5722,Killer Whale,97779
97779002,02:01:35:23,21900,0.5815,Killer Whale,97779
97779003,02:01:38:01,21900,1.4524,Killer Whale,97779
97779004,02:01:55:08,21900,1.5284,Killer Whale,97779
97779005,02:02:18:23,21900,1.3589,Killer Whale,97779
97779006,02:02:34:08,21900,1.4056,Killer Whale,97779
97779007,02:02:50:04,21900,1.4874,Killer Whale,97779
97779008,02:03:35:09,21900,1.0958,Killer Whale,97779
97779009,02:11:05:05,21900,1.3092,Killer Whale,97779
9777900A,02:11:30:18,21900,1.2683,Killer Whale,97779
9777900B,02:13:49:24,21900,1.0140,Killer Whale,97779
9777900C,02:41:13:24,21900,2.4314,Killer Whale,97779
9777900D,02:42:19:14,21900,1.3998,Killer Whale,97779
9777900E,02:42:33:25,21900,1.5488,Killer Whale,97779
9777900F,02:42:40:09,21900,1.3793,Killer Whale,97779
9777900G,02:42:57:28,21900,1.3910,Killer Whale,97779
9777900H,02:43:15:20,21900,1.4524,Killer Whale,97779
9777900I,02:43:25:29,21900,1.5021,Killer Whale,97779
9777900J,02:43:38:09,21900,1.2478,Killer Whale,97779
9777900K,02:44:05:25,21900,1.2244,Killer Whale,97779
9777900L,02:44:08:09,21900,1.4553,Killer Whale,97779
9777900M,02:44:14:02,21900,0.5581,Killer Whale,97779
9777900N,02:44:16:09,21900,1.5342,Killer Whale,97779
9777900O,02:44:31:05,21900,0.6283,Killer Whale,97779
9777900P,02:44:33:25,21900,1.8907,Killer Whale,97779
9777900Q,02:44:57:26,21900,0.5610,Killer Whale,97779
9777900R,02:45:03:19,21900,1.2683,Killer Whale,97779
9777900S,03:19:00:28,21900,1.4991,Killer Whale,97779
9778000N,14:47:12:04,21900,0.6283,Killer Whale,97780
9778000O,14:47:13:03,21900,0.8854,Killer Whale,97780
9778000P,14:47:14:22,21900,1.5663,Killer Whale,97780
9778000Q,14:47:29:07,21900,1.3676,Killer Whale,97780
9778000R,14:47:31:11,21900,1.4494,Killer Whale,97780
9778000S,14:47:47:29,21900,1.2916,Killer Whale,97780
9778000T,14:47:53:16,21900,1.1572,Killer Whale,97780
9778000U,14:49:01:13,21900,1.3589,Killer Whale,97780
9778000V,14:49:06:04,21900,1.5926,Killer Whale,97780
9778000W,14:49:10:17,21900,0.9497,Killer Whale,97780
9778000X,14:49:13:21,21900,1.8410,Killer Whale,97780
9778000Y,14:49:16:00,21900,1.9492,Killer Whale,97780
9778000Z,14:49:37:02,21900,1.4787,Killer Whale,97780
97780010,14:49:42:14,21900,1.4933,Killer Whale,97780
97780011,14:49:50:12,21900,1.4027,Killer Whale,97780
97780012,14:49:58:07,21900,0.9643,Killer Whale,97780
97780013,14:50:11:06,21900,1.3998,Killer Whale,97780
97780014,14:50:36:06,21900,0.8124,Killer Whale,97780
97780015,14:50:41:20,21900,1.5254,Killer Whale,97780
97780016,14:51:58:11,21900,1.0695,Killer Whale,97780
97780017,14:52:03:27,21900,1.2741,Killer Whale,97780
53007001,0  B5:05.285  0:22.217,23500,6.351,Long-Finned Pilot Whale,53007
53007002,0  B5:05.285  0:29.171,23500,3.151,Long-Finned Pilot Whale,53007
53007003,0  B5:05.285  0:32.411,23500,5.145,Long-Finned Pilot Whale,53007
53007004,0  B5:05.285  0:37.692,23500,4.528,Long-Finned Pilot Whale,53007
53007005,0  B5:05.285  0:42.019,23500,11.308,Long-Finned Pilot Whale,53007
53007006,0  B5:05.285  0:53.348,23500,2.800,Long-Finned Pilot Whale,53007
53007007,0  B5:05.285  1:00.179,23500,1.936,Long-Finned Pilot Whale,53007
53007008,0  B5:05.285  1:06.131,23500,3.111,Long-Finned Pilot Whale,53007
53007009,0  B5:05.285  1:11.363,23500,1.484,Long-Finned Pilot Whale,53007
5300700A,0  B5:05.285  1:13.086,23500,5.228,Long-Finned Pilot Whale,53007
5300700B,0  B5:05.285  1:18.371,23500,2.333,Long-Finned Pilot Whale,53007
5300700C,0  B5:05.285  1:31.107,23500,9.513,Long-Finned Pilot Whale,53007
5300700D,0  B5:05.285  1:45.874,23500,1.402,Long-Finned Pilot Whale,53007
5300700E,0  B5:05.285  4:40.412,23500,1.078,Long-Finned Pilot Whale,53007
54004001,0  B12:14.454  0:12.493,30000,3.179,Long-Finned Pilot Whale,54004
54004002,0  B12:14.454  0:16.805,30000,2.817,Long-Finned Pilot Whale,54004
54004003,0  B12:14.454  0:24.808,30000,7.104,Long-Finned Pilot Whale,54004
54004004,0  B12:14.454  0:41.775,30000,1.258,Long-Finned Pilot Whale,54004
54004005,0  B12:14.454  0:44.089,30000,8.069,Long-Finned Pilot Whale,54004
54004006,0  B12:14.454  0:52.159,30000,5.440,Long-Finned Pilot Whale,54004
54004007,0  B12:14.454  0:59.351,30000,2.175,Long-Finned Pilot Whale,54004
54004008,0  B12:14.454  1:03.157,30000,1.492,Long-Finned Pilot Whale,54004
54004009,0  B12:14.454  1:11.023,30000,8.155,Long-Finned Pilot Whale,54004
5400400A,0  B12:14.454  1:23.657,30000,2.281,Long-Finned Pilot Whale,54004
5400400B,0  B12:14.454  1:30.878,30000,2.092,Long-Finned Pilot Whale,54004
5400400C,0  B12:14.454  1:36.558,30000,2.432,Long-Finned Pilot Whale,54004
5400400D,0  B12:14.454  1:39.203,30000,1.291,Long-Finned Pilot Whale,54004
5400400E,0  B12:14.454  1:46.816,30000,2.598,Long-Finned Pilot Whale,54004
5400400F,0  B12:14.454  1:49.837,30000,4.358,Long-Finned Pilot Whale,54004
5400400G,0  B12:14.454  1:56.571,30000,3.115,Long-Finned Pilot Whale,54004
5400400H,0  B12:14.454  1:59.843,30000,1.412,Long-Finned Pilot Whale,54004
5400400I,0  B12:14.454  2:03.367,30000,1.872,Long-Finned Pilot Whale,54004
5400400J,0  B12:14.454  2:05.171,30000,6.709,Long-Finned Pilot Whale,54004
5400400K,0  B12:14.454  2:11.881,30000,2.562,Long-Finned Pilot Whale,54004
5400400L,0  B12:14.454  2:14.504,30000,16.406,Long-Finned Pilot Whale,54004
5400400M,0  B12:14.454  2:31.297,30000,1.762,Long-Finned Pilot Whale,54004
5400400N,0  B12:14.454  2:36.580,30000,4.482,Long-Finned Pilot Whale,54004
5400400O,0  B12:14.454  2:42.015,30000,10.092,Long-Finned Pilot Whale,54004
5400400P,0  B12:14.454  2:52.873,30000,9.657,Long-Finned Pilot Whale,54004
5400400Q,0  B12:14.454  3:08.089,30000,3.031,Long-Finned Pilot Whale,54004
5400400R,0  B12:14.454  3:11.120,30000,1.232,Long-Finned Pilot Whale,54004
5400400S,0  B12:14.454  3:12.352,30000,3.030,Long-Finned Pilot Whale,54004
5400400T,0  B12:14.454  3:17.296,30000,4.785,Long-Finned Pilot Whale,54004
5400400U,0  B12:14.454  3:27.522,30000,2.979,Long-Finned Pilot Whale,54004
5400400V,0  B12:14.454  3:32.017,30000,1.940,Long-Finned Pilot Whale,54004
5400400W,0  B12:14.454  3:34.232,30000,5.292,Long-Finned Pilot Whale,54004
5400400X,0  B12:14.454  3:40.183,30000,1.784,Long-Finned Pilot Whale,54004
5400400Y,0  B12:14.454  3:46.495,30000,1.596,Long-Finned Pilot Whale,54004
5400400Z,0  B12:14.454  3:48.654,30000,2.046,Long-Finned Pilot Whale,54004
54004010,0  B12:14.454  3:59.354,30000,3.332,Long-Finned Pilot Whale,54004
54004011,0  B12:14.454  4:08.135,30000,0.893,Long-Finned Pilot Whale,54004
54004012,0  B12:14.454  4:21.915,30000,7.104,Long-Finned Pilot Whale,54004
54004013,0  B12:14.454  4:29.607,30000,6.485,Long-Finned Pilot Whale,54004
54004014,0  B12:14.454  7:37.254,30000,4.484,Long-Finned Pilot Whale,54004
54004015,0  B12:14.454  7:41.738,30000,4.333,Long-Finned Pilot Whale,54004
54004016,0  B12:14.454  7:53.709,30000,2.259,Long-Finned Pilot Whale,54004
54004017,0  B12:14.454  7:56.627,30000,1.911,Long-Finned Pilot Whale,54004
54004018,0  B12:14.454  8:00.028,30000,2.207,Long-Finned Pilot Whale,54004
54004019,0  B12:14.454  8:02.597,30000,6.390,Long-Finned Pilot Whale,54004
5400401A,0  B12:14.454  8:19.160,30000,4.570,Long-Finned Pilot Whale,54004
5400401B,0  B12:14.454  8:25.217,30000,2.742,Long-Finned Pilot Whale,54004
5400401C,0  B12:14.454  8:37.635,30000,6.308,Long-Finned Pilot Whale,54004
5400401D,0  B12:14.454  8:45.096,30000,4.143,Long-Finned Pilot Whale,54004
5400401E,0  B12:14.454  8:51.260,30000,10.484,Long-Finned Pilot Whale,54004
5400401F,0  B12:14.454  9:02.182,30000,2.595,Long-Finned Pilot Whale,54004
5400401G,0  B12:14.454  9:06.928,30000,0.700,Long-Finned Pilot Whale,54004
5400401H,0  B12:14.454  9:07.629,30000,1.687,Long-Finned Pilot Whale,54004
5400401I,0  B12:14.454  9:29.923,30000,4.680,Long-Finned Pilot Whale,54004
5400401J,0  B12:14.454  9:36.136,30000,1.934,Long-Finned Pilot Whale,54004
5400401K,0  B12:14.454  9:40.843,30000,2.688,Long-Finned Pilot Whale,54004
5400401L,0  B12:14.454  9:48.456,30000,3.088,Long-Finned Pilot Whale,54004
5400401M,0  B12:14.454  9:51.505,30000,10.657,Long-Finned Pilot Whale,54004
5400401N,0  B12:14.454  10:02.153,30000,9.739,Long-Finned Pilot Whale,54004
5400401O,0  B12:14.454  10:12.877,30000,3.442,Long-Finned Pilot Whale,54004
5400401P,0  B12:14.454  10:17.498,30000,11.793,Long-Finned Pilot Whale,54004
5400401Q,0  B12:14.454  10:29.222,30000,15.981,Long-Finned Pilot Whale,54004
54024001,305,30000,6.100,Long-Finned Pilot Whale,54024
54024002,317,30000,5.700,Long-Finned Pilot Whale,54024
54024003,490,30000,4.900,Long-Finned Pilot Whale,54024
54024004,615,30000,4.600,Long-Finned Pilot Whale,54024
54024005,008,30000,5.900,Long-Finned Pilot Whale,54024
54024006,5:13.993-6:6.589,60600,52.5,Long-Finned Pilot Whale,54024
54024007,6:21.762-7:3.329,60600,41.566,Long-Finned Pilot Whale,54024
54024008,7:2.536-7:32.010,60600,29.473,Long-Finned Pilot Whale,54024
54024009,7:31.306-8:23.450,60600,52.144,Long-Finned Pilot Whale,54024
5402400A,8:22.429-8:42.990,30000,20.561,Long-Finned Pilot Whale,54024
5402400B,8:41.029-9:51.010,60600,1:9.981,Long-Finned Pilot Whale,54024
5402400C,9:49.552-10:32.001,60600,42.449,Long-Finned Pilot Whale,54024
5402400D,12:55.750-13:29.556,60600,33.805,Long-Finned Pilot Whale,54024
56034001,0  B8:10.226  5:07.907,30000,7.207,Long-Finned Pilot Whale,56034
56034002,0  B8:10.226  5:15.273,30000,1.799,Long-Finned Pilot Whale,56034
56034003,0  B8:10.226  5:17.193,30000,2.233,Long-Finned Pilot Whale,56034
56034004,0  B8:10.226  5:19.658,30000,0.752,Long-Finned Pilot Whale,56034
56034005,0  B8:10.226  5:29.019,30000,2.804,Long-Finned Pilot Whale,56034
56034006,0  B8:10.226  5:34.670,30000,2.059,Long-Finned Pilot Whale,56034
56034007,0  B8:10.226  5:40.944,30000,3.657,Long-Finned Pilot Whale,56034
56034008,0  B8:10.226  5:52.544,30000,0.972,Long-Finned Pilot Whale,56034
56034009,0  B8:10.226  5:57.768,30000,2.002,Long-Finned Pilot Whale,56034
5603400A,0  B8:10.226  6:03.560,30000,1.980,Long-Finned Pilot Whale,56034
5603400B,0  B8:10.226  6:07.931,30000,5.400,Long-Finned Pilot Whale,56034
5603400C,0  B8:10.226  6:14.754,30000,3.033,Long-Finned Pilot Whale,56034
5603400D,0  B8:10.226  6:17.788,30000,2.391,Long-Finned Pilot Whale,56034
5603400E,0  B8:10.226  6:20.350,30000,1.658,Long-Finned Pilot Whale,56034
5603400F,0  B8:10.226  6:22.009,30000,1.706,Long-Finned Pilot Whale,56034
5603400G,0  B8:10.226  6:26.802,30000,1.484,Long-Finned Pilot Whale,56034
56035001,0  B8:00.449  1:03.620,25900,0.856,Long-Finned Pilot Whale,56035
56035002,0  B8:00.449  1:10.331,25900,2.573,Long-Finned Pilot Whale,56035
56035003,0  B8:00.449  1:13.586,25900,3.635,Long-Finned Pilot Whale,56035
56035004,0  B8:00.449  1:17.239,25900,1.926,Long-Finned Pilot Whale,56035
56035005,0  B8:00.449  1:21.343,25900,2.713,Long-Finned Pilot Whale,56035
56035006,0  B8:00.449  1:25.831,25900,1.475,Long-Finned Pilot Whale,56035
56035007,0  B8:00.449  2:02.684,25900,2.633,Long-Finned Pilot Whale,56035
58001001,1051  B10:49  3:10.183,40000,0.785,Long-Finned Pilot Whale,58001
58001002,1051  B10:49  3:11.281,40000,1.206,Long-Finned Pilot Whale,58001
58001003,1051  B10:49  3:16.975,40000,1.208,Long-Finned Pilot Whale,58001
58001004,1051  B10:49  3:19.081,40000,2.579,Long-Finned Pilot Whale,58001
58001005,1051  B10:49  3:21.885,40000,1.136,Long-Finned Pilot Whale,58001
58001006,1051  B10:49  3:22.898,40000,1.860,Long-Finned Pilot Whale,58001
58001007,1051  B10:49  3:25.531,40000,2.299,Long-Finned Pilot Whale,58001
58001008,1051  B10:49  3:44.748,40000,1.140,Long-Finned Pilot Whale,58001
58001009,1051  B10:49  3:39.869,40000,2.325,Long-Finned Pilot Whale,58001
5800100A,1051  B10:49  3:47.626,40000,1.842,Long-Finned Pilot Whale,58001
5800100B,1051  B10:49  3:50.136,40000,1.281,Long-Finned Pilot Whale,58001
5800100C,1051  B10:49  4:02.158,40000,2.114,Long-Finned Pilot Whale,58001
5800100D,1051  B10:49  4:06.343,40000,1.781,Long-Finned Pilot Whale,58001
5800100E,1051  B10:49  4:44.278,40000,2.290,Long-Finned Pilot Whale,58001
5800100F,1051  B10:49  4:51.429,40000,1.895,Long-Finned Pilot Whale,58001
5800100G,1051  B10:49  4:55.764,40000,2.088,Long-Finned Pilot Whale,58001
5800100H,1051  B10:49  4:58.089,40000,1.956,Long-Finned Pilot Whale,58001
5800100I,1051  B10:49  5:02.187,40000,1.544,Long-Finned Pilot Whale,58001
5800100J,1051  B10:49  5:19.263,40000,1.895,Long-Finned Pilot Whale,58001
5800100K,1051  B10:49  5:22.712,40000,2.079,Long-Finned Pilot Whale,58001
5800100L,1051  B10:49  5:25.581,40000,2.062,Long-Finned Pilot Whale,58001
5800100M,1051  B10:49  5:27.529,40000,1.447,Long-Finned Pilot Whale,58001
5800100N,1051  B10:49  5:41.894,40000,2.070,Long-Finned Pilot Whale,58001
5800100O,1051  B10:49  5:46.501,40000,1.965,Long-Finned Pilot Whale,58001
5800100P,1051  B10:49  5:58.865,40000,1.974,Long-Finned Pilot Whale,58001
5800100Q,1051  B10:49  6:09.061,40000,1.719,Long-Finned Pilot Whale,58001
5800100R,1051  B10:49  6:29.963,40000,1.412,Long-Finned Pilot Whale,58001
5800100S,1051  B10:49  6:31.710,40000,1.412,Long-Finned Pilot Whale,58001
5800100T,1051  B10:49  6:34.272,40000,1.325,Long-Finned Pilot Whale,58001
5800100U,1051  B10:49  6:35.676,40000,1.421,Long-Finned Pilot Whale,58001
5800100V,1051  B10:49  6:43.223,40000,2.421,Long-Finned Pilot Whale,58001
5800100W,1051  B10:49  6:47.531,40000,2.009,Long-Finned Pilot Whale,58001
5800100X,1051  B10:49  6:58.105,40000,2.772,Long-Finned Pilot Whale,58001
5800100Y,1051  B10:49  7:27.308,40000,2.299,Long-Finned Pilot Whale,58001
5800100Z,1051  B10:49  7:53.300,40000,1.807,Long-Finned Pilot Whale,58001
58001010,1051  B10:49  7:55.449,40000,2.841,Long-Finned Pilot Whale,58001
58001011,1051  B10:49  8:03.491,40000,2.132,Long-Finned Pilot Whale,58001
58001012,1051  B10:49  8:10.004,40000,2.070,Long-Finned Pilot Whale,58001
58001013,1051  B10:49  8:20.167,40000,1.271,Long-Finned Pilot Whale,58001
58001014,1051  B10:49  8:22.361,40000,1.624,Long-Finned Pilot Whale,58001
58001015,1051  B10:49  8:38.202,40000,2.188,Long-Finned Pilot Whale,58001
58001016,1051  B10:49  9:13.693,40000,0.645,Long-Finned Pilot Whale,58001
58001017,1051  B10:49  9:18.951,40000,1.552,Long-Finned Pilot Whale,58001
58001018,1051  B10:49  9:39.246,40000,1.660,Long-Finned Pilot Whale,58001
58001019,1051  B10:49  9:59.971,40000,1.060,Long-Finned Pilot Whale,58001
5800101A,1051  B10:49  10:22.255,40000,1.629,Long-Finned Pilot Whale,58001
5800101B,1051  B10:49  10:27.329,40000,1.809,Long-Finned Pilot Whale,58001
58037001,619  B47.50  8.978,40960,1.781,Long-Finned Pilot Whale,58037
58037002,619  B47.50  16.38,40960,1.781,Long-Finned Pilot Whale,58037
58037003,619  B47.50  23.08,40960,1.781,Long-Finned Pilot Whale,58037
58037004,619  B47.50  40.18,40960,1.597,Long-Finned Pilot Whale,58037
58037005,674  B47.50  22.45,40960,1.597,Long-Finned Pilot Whale,58037
58037006,674  B47.50  24.57,40960,1.597,Long-Finned Pilot Whale,58037
58037007,674  B47.50  27.38,40960,1.597,Long-Finned Pilot Whale,58037
58037008,736  B47.50  7.916,40960,1.597,Long-Finned Pilot Whale,58037
58037009,736  B47.50  9.922,40960,1.597,Long-Finned Pilot Whale,58037
5803700A,736  B47.50  12.34,40960,1.487,Long-Finned Pilot Whale,58037
5803700B,736  B47.50  15.36,40960,1.487,Long-Finned Pilot Whale,58037
5803700C,736  B47.50  36.02,40960,1.487,Long-Finned Pilot Whale,58037
5803700D,736  B47.50  39.35,40960,1.219,Long-Finned Pilot Whale,58037
5803700E,800  B47.50  0.8719,40960,0.8906,Long-Finned Pilot Whale,58037
5803700F,800  B47.50  4.959,40960,1.284,Long-Finned Pilot Whale,58037
5803700G,800  B47.50  7.734,40960,1.284,Long-Finned Pilot Whale,58037
5803700H,800  B47.50  12.84,40960,1.284,Long-Finned Pilot Whale,58037
5803700I,800  B47.50  38.08,40960,1.284,Long-Finned Pilot Whale,58037
5803700J,800  B47.50  41.16,40960,1.809,Long-Finned Pilot Whale,58037
5803700K,1070  B18.00  1:46.047,81600,0.545,Long-Finned Pilot Whale,58037
5803700L,1070  B18.00  1:46.503,81600,0.500,Long-Finned Pilot Whale,58037
5803700M,1070  B18.00  1:46.936,81600,0.670,Long-Finned Pilot Whale,58037
5803700N,1070  B18.00  1:47.688,81600,0.693,Long-Finned Pilot Whale,58037
5803700O,1070  B18.00  1:48.451,81600,0.257,Long-Finned Pilot Whale,58037
5803700P,1070  B18.00  1:48.751,81600,0.105,Long-Finned Pilot Whale,58037
5803700Q,1070  B18.00  1:49.250,81600,0.549,Long-Finned Pilot Whale,58037
5803700R,1070  B18.00  1:49.845,81600,0.085,Long-Finned Pilot Whale,58037
5803700S,1070  B18.00  1:50.669,81600,0.285,Long-Finned Pilot Whale,58037
5803700T,1070  B18.00  1:51.335,81600,0.309,Long-Finned Pilot Whale,58037
5803700U,1070  B18.00  1:54.180,81600,0.698,Long-Finned Pilot Whale,58037
5803700V,1070  B18.00  2:02.713,81600,0.343,Long-Finned Pilot Whale,58037
5803700X,1070  B18.00  2:03.026,81600,0.386,Long-Finned Pilot Whale,58037
5803700Y,1070  B18.00  2:07.537,81600,0.989,Long-Finned Pilot Whale,58037
5803700Z,1070  B18.00  2:19.540,81600,2.212,Long-Finned Pilot Whale,58037
58037010,1070  B18.00  2:22.512,81600,3.184,Long-Finned Pilot Whale,58037
58037011,1070  B18.00  2:25.704,81600,3.192,Long-Finned Pilot Whale,58037
58037012,1070  B18.00  2:28.936,81600,2.114,Long-Finned Pilot Whale,58037
58037013,1070  B18.00  2:31.848,81600,1.260,Long-Finned Pilot Whale,58037
58037014,1070  B18.00  3:12.114,81600,0.744,Long-Finned Pilot Whale,58037
58037015,1070  B18.00  3:38.815,81600,0.922,Long-Finned Pilot Whale,58037
58037016,1070  B18.00  4:34.858,81600,2.152,Long-Finned Pilot Whale,58037
58037017,1070  B18.00  5:05.953,81600,1.043,Long-Finned Pilot Whale,58037
58037018,1070  B18.00  5:16.903,81600,0.622,Long-Finned Pilot Whale,58037
58037019,1070  B18.00  5:28.335,81600,0.650,Long-Finned Pilot Whale,58037
5803701A,1070  B18.00  7:04.176,81600,0.687,Long-Finned Pilot Whale,58037
5803701B,1070  B18.00  7:12.092,81600,2.300,Long-Finned Pilot Whale,58037
5803701C,1070  B18.00  7:14.130,81600,2.345,Long-Finned Pilot Whale,58037
5803701D,1070  B18.00  7:16.422,81600,0.556,Long-Finned Pilot Whale,58037
5803701E,1070  B18.00  7:30.470,81600,0.818,Long-Finned Pilot Whale,58037
5803701F,1070  B18.00  7:31.254,81600,1.733,Long-Finned Pilot Whale,58037
5803701G,1070  B18.00  7:35.011,81600,1.796,Long-Finned Pilot Whale,58037
5803701H,1070  B18.00  8:26.042,81600,1.347,Long-Finned Pilot Whale,58037
5803701I,1070  B18.00  9:06.252,81600,1.549,Long-Finned Pilot Whale,58037
5803701J,1070  B18.00  9:13.012,81600,0.474,Long-Finned Pilot Whale,58037
75004001,1095  B30:00  0:05.508,81600,2.250,Long-Finned Pilot Whale,75004
75004002,1095  B30:00  0:07.703,81600,1.515,Long-Finned Pilot Whale,75004
75004003,1095  B30:00  0:12.711,81600,1.498,Long-Finned Pilot Whale,75004
75004004,1095  B30:00  0:16.890,81600,1.079,Long-Finned Pilot Whale,75004
75004005,1095  B30:00  0:22.876,81600,0.956,Long-Finned Pilot Whale,75004
75004006,1095  B30:00  0:23.748,81600,1.185,Long-Finned Pilot Whale,75004
75004007,1095  B30:00  0:25.035,81600,1.631,Long-Finned Pilot Whale,75004
75004008,1095  B30:00  0:35.671,81600,1.800,Long-Finned Pilot Whale,75004
75004009,1095  B30:00  0:37.662,81600,0.875,Long-Finned Pilot Whale,75004
7500400A,1095  B30:00  0:38.650,81600,1.635,Long-Finned Pilot Whale,75004
7500400B,1095  B30:00  0:40.331,81600,1.642,Long-Finned Pilot Whale,75004
7500400C,1095  B30:00  0:42.261,81600,2.967,Long-Finned Pilot Whale,75004
7500400E,1095  B30:00  0:46.963,81600,8.142,Long-Finned Pilot Whale,75004
7500400F,1095  B30:00  0:55.362,81600,1.942,Long-Finned Pilot Whale,75004
7500400G,1095  B30:00  0:56.139,81600,1.147,Long-Finned Pilot Whale,75004
7500400H,1095  B30:00  0:57.192,81600,1.392,Long-Finned Pilot Whale,75004
7500400I,1095  B30:00  1:00.110,81600,1.615,Long-Finned Pilot Whale,75004
7500400J,1095  B30:00  1:02.292,81600,0.875,Long-Finned Pilot Whale,75004
7500400K,1095  B30:00  1:03.111,81600,1.241,Long-Finned Pilot Whale,75004
7500400L,1095  B30:00  1:08.278,81600,1.811,Long-Finned Pilot Whale,75004
7500400M,1095  B30:00  1:10.871,81600,1.589,Long-Finned Pilot Whale,75004
7500400N,1095  B30:00  1:13.562,81600,1.570,Long-Finned Pilot Whale,75004
7500400O,1095  B30:00  1:14.958,81600,3.350,Long-Finned Pilot Whale,75004
7500400P,1095  B30:00  1:19.089,81600,3.446,Long-Finned Pilot Whale,75004
7500400Q,1095  B30:00  1:22.344,81600,4.152,Long-Finned Pilot Whale,75004
7500400R,1095  B30:00  1:30.007,81600,1.862,Long-Finned Pilot Whale,75004
7500400S,1095  B30:00  1:32.091,81600,3.369,Long-Finned Pilot Whale,75004
7500400T,1095  B30:00  1:58.545,81600,1.112,Long-Finned Pilot Whale,75004
7500400U,1095  B30:00  2:00.619,81600,0.278,Long-Finned Pilot Whale,75004
7500400V,1095  B30:00  2:00.842,81600,0.250,Long-Finned Pilot Whale,75004
7500400W,1095  B30:00  2:01.093,81600,0.179,Long-Finned Pilot Whale,75004
7500400X,1095  B30:00  2:01.267,81600,0.100,Long-Finned Pilot Whale,75004
7500400Y,1095  B30:00  2:01.509,81600,0.104,Long-Finned Pilot Whale,75004
7500400Z,1095  B30:00  2:02.833,81600,0.153,Long-Finned Pilot Whale,75004
75004010,1095  B30:00  2:03.153,81600,0.723,Long-Finned Pilot Whale,75004
75004011,1095  B30:00  2:03.809,81600,0.736,Long-Finned Pilot Whale,75004
75004012,1095  B30:00  2:05.466,81600,0.154,Long-Finned Pilot Whale,75004
75004013,1095  B30:00  2:11.817,81600,0.133,Long-Finned Pilot Whale,75004
75004014,1095  B30:00  2:12.390,81600,0.097,Long-Finned Pilot Whale,75004
75004015,1095  B30:00  2:12.801,81600,0.682,Long-Finned Pilot Whale,75004
75004016,1095  B30:00  2:13.611,81600,0.762,Long-Finned Pilot Whale,75004
75004017,1095  B30:00  2:16.023,81600,0.884,Long-Finned Pilot Whale,75004
75004018,1095  B30:00  2:20.339,81600,1.080,Long-Finned Pilot Whale,75004
75004019,1095  B30:00  2:44.014,81600,1.246,Long-Finned Pilot Whale,75004
7500401A,1095  B30:00  2:47.446,81600,1.542,Long-Finned Pilot Whale,75004
7500401B,1095  B30:00  2:48.948,81600,1.381,Long-Finned Pilot Whale,75004
7500401C,1095  B30:00  2:52.159,81600,2.467,Long-Finned Pilot Whale,75004
7500401D,1095  B30:00  2:59.811,81600,1.683,Long-Finned Pilot Whale,75004
7500401E,1095  B30:00  3:02.705,81600,1.648,Long-Finned Pilot Whale,75004
7500401F,1095  B30:00  3:06.016,81600,2.125,Long-Finned Pilot Whale,75004
7500401G,1095  B30:00  3:12.267,81600,2.090,Long-Finned Pilot Whale,75004
7500401H,1095  B30:00  3:23.285,81600,2.100,Long-Finned Pilot Whale,75004
7500401I,1095  B30:00  3:28.300,81600,1.979,Long-Finned Pilot Whale,75004
7500401J,1095  B30:00  3:33.535,81600,1.974,Long-Finned Pilot Whale,75004
7500401K,1095  B30:00  3:37.439,81600,1.803,Long-Finned Pilot Whale,75004
7500401L,1095  B30:00  3:53.186,81600,1.291,Long-Finned Pilot Whale,75004
7500401M,1095  B30:00  4:24.464,81600,0.924,Long-Finned Pilot Whale,75004
7500401N,1095  B30:00  4:31.779,81600,1.859,Long-Finned Pilot Whale,75004
7500401O,1095  B30:00  4:39.055,81600,1.351,Long-Finned Pilot Whale,75004
7500401P,1095  B30:00  4:41.125,81600,1.587,Long-Finned Pilot Whale,75004
7500401Q,1095  B30:00  4:47.461,81600,1.085,Long-Finned Pilot Whale,75004
7500401R,1095  B30:00  4:50.109,81600,1.004,Long-Finned Pilot Whale,75004
7500401S,1095  B30:00  4:51.033,81600,1.125,Long-Finned Pilot Whale,75004
7500401T,1095  B30:00  4:56.590,81600,1.236,Long-Finned Pilot Whale,75004
7500401U,1095  B30:00  5:05.072,81600,1.517,Long-Finned Pilot Whale,75004
7500401V,1095  B30:00  5:11.815,81600,1.768,Long-Finned Pilot Whale,75004
7500401W,1095  B30:00  5:13.463,81600,1.085,Long-Finned Pilot Whale,75004
7500401X,1095  B30:00  5:30.460,81600,1.276,Long-Finned Pilot Whale,75004
7500401Y,1095  B30:00  5:31.651,81600,2.190,Long-Finned Pilot Whale,75004
7500401Z,1095  B30:00  5:36.183,81600,1.120,Long-Finned Pilot Whale,75004
75004020,1095  B30:00  5:42.645,81600,1.401,Long-Finned Pilot Whale,75004
75004021,1095  B30:00  6:45.413,81600,0.503,Long-Finned Pilot Whale,75004
75004022,1095  B30:00  6:46.200,81600,0.440,Long-Finned Pilot Whale,75004
75004023,1095  B30:00  6:46.698,81600,0.357,Long-Finned Pilot Whale,75004
75004024,1095  B30:00  6:47.536,81600,0.693,Long-Finned Pilot Whale,75004
75004025,1095  B30:00  6:49.625,81600,0.798,Long-Finned Pilot Whale,75004
75004026,1095  B30:00  6:53.792,81600,2.638,Long-Finned Pilot Whale,75004
75004027,1095  B30:00  6:56.213,81600,2.672,Long-Finned Pilot Whale,75004
75004028,1095  B30:00  6:59.456,81600,6.052,Long-Finned Pilot Whale,75004
75004029,1095  B30:00  7:09.064,81600,2.204,Long-Finned Pilot Whale,75004
7500402A,1095  B30:00  7:16.563,81600,1.333,Long-Finned Pilot Whale,75004
7500402B,1095  B30:00  7:18.086,81600,2.602,Long-Finned Pilot Whale,75004
7500402C,1095  B30:00  7:29.310,81600,1.178,Long-Finned Pilot Whale,75004
7500402D,1095  B30:00  7:32.523,81600,1.392,Long-Finned Pilot Whale,75004
7500402E,1095  B30:00  7:38.533,81600,1.951,Long-Finned Pilot Whale,75004
7500402F,1095  B30:00  7:42.634,81600,1.952,Long-Finned Pilot Whale,75004
7500402G,1095  B30:00  7:45.896,81600,1.418,Long-Finned Pilot Whale,75004
7500402H,1095  B30:00  7:49.988,81600,1.685,Long-Finned Pilot Whale,75004
7500402I,1095  B30:00  7:53.529,81600,1.686,Long-Finned Pilot Whale,75004
7500402J,1095  B30:00  8:01.024,81600,1.378,Long-Finned Pilot Whale,75004
7500402K,1095  B30:00  8:03.837,81600,2.120,Long-Finned Pilot Whale,75004
7500402L,1095  B30:00  8:08.837,81600,1.037,Long-Finned Pilot Whale,75004
7500402M,1095  B30:00  8:21.887,81600,1.276,Long-Finned Pilot Whale,75004
7500402N,1095  B30:00  8:23.664,81600,1.324,Long-Finned Pilot Whale,75004
7500402O,1095  B30:00  8:27.003,81600,1.521,Long-Finned Pilot Whale,75004
7500402P,1095  B30:00  8:28.365,81600,2.305,Long-Finned Pilot Whale,75004
7500402Q,1095  B30:00  8:31.414,81600,0.895,Long-Finned Pilot Whale,75004
7500402R,1095  B30:00  8:47.540,81600,1.784,Long-Finned Pilot Whale,75004
7500402S,1095  B30:00  8:49.928,81600,0.774,Long-Finned Pilot Whale,75004
7500402T,1095  B30:00  8:51.107,81600,1.036,Long-Finned Pilot Whale,75004
7500402U,1095  B30:00  8:53.574,81600,1.138,Long-Finned Pilot Whale,75004
7500402V,1095  B30:00  8:54.640,81600,1.227,Long-Finned Pilot Whale,75004
7500402W,1095  B30:00  9:08.133,81600,0.801,Long-Finned Pilot Whale,75004
7500402X,1095  B30:00  9:16.329,81600,0.869,Long-Finned Pilot Whale,75004
7500402Y,1095  B30:00  9:18.047,81600,0.633,Long-Finned Pilot Whale,75004
7500402Z,1095  B30:00  9:19.297,81600,0.550,Long-Finned Pilot Whale,75004
75004030,1095  B30:00  9:26.860,81600,0.831,Long-Finned Pilot Whale,75004
75004031,1095  B30:00  9:28.837,81600,2.115,Long-Finned Pilot Whale,75004
75004032,1095  B30:00  9:39.799,81600,1.774,Long-Finned Pilot Whale,75004
75004033,1095  B30:00  10:03.817,81600,1.386,Long-Finned Pilot Whale,75004
75004034,1095  B30:00  10:05.433,81600,0.697,Long-Finned Pilot Whale,75004
75004035,1095  B30:00  10:08.456,81600,1.002,Long-Finned Pilot Whale,75004
75004036,1095  B30:00  10:31.781,81600,1.614,Long-Finned Pilot Whale,75004
75004037,1095  B30:00  10:35.334,81600,1.006,Long-Finned Pilot Whale,75004
75004038,1095  B30:00  10:40.167,81600,0.991,Long-Finned Pilot Whale,75004
75004039,1095  B30:00  10:41.357,81600,0.406,Long-Finned Pilot Whale,75004
7500403A,1095  B30:00  10:43.073,81600,0.886,Long-Finned Pilot Whale,75004
7500403B,1095  B30:00  10:48.267,81600,0.656,Long-Finned Pilot Whale,75004
7500403C,1095  B30:00  10:48.918,81600,1.423,Long-Finned Pilot Whale,75004
7500403D,1095  B30:00  10:50.254,81600,1.488,Long-Finned Pilot Whale,75004
7500403E,1095  B30:00  10:52.845,81600,1.887,Long-Finned Pilot Whale,75004
7500403F,1095  B30:00  10:55.084,81600,1.109,Long-Finned Pilot Whale,75004
7500403G,1095  B30:00  11:00.222,81600,1.997,Long-Finned Pilot Whale,75004
7500403H,1095  B30:00  11:02.383,81600,0.401,Long-Finned Pilot Whale,75004
7500403I,1095  B30:00  11:06.753,81600,1.208,Long-Finned Pilot Whale,75004
7500403J,1095  B30:00  11:08.957,81600,2.251,Long-Finned Pilot Whale,75004
7500403K,1095  B30:00  11:14.281,81600,0.972,Long-Finned Pilot Whale,75004
7500403L,1095  B30:00  11:15.197,81600,1.956,Long-Finned Pilot Whale,75004
7500403M,1095  B30:00  11:20.147,81600,1.519,Long-Finned Pilot Whale,75004
7500403N,1095  B30:00  11:28.813,81600,1.067,Long-Finned Pilot Whale,75004
7500403O,1095  B30:00  11:31.646,81600,1.017,Long-Finned Pilot Whale,75004
7500403P,1095  B30:00  11:36.763,81600,0.736,Long-Finned Pilot Whale,75004
7500403Q,1095  B30:00  11:55.116,81600,0.952,Long-Finned Pilot Whale,75004
7500403R,1095  B30:00  13:37.852,81600,2.726,Long-Finned Pilot Whale,75004
7500403S,1095  B30:00  13:47.473,81600,2.293,Long-Finned Pilot Whale,75004
7500403T,1095  B30:00  14:13.186,81600,2.598,Long-Finned Pilot Whale,75004
7500403U,1095  B30:00  14:18.757,81600,1.576,Long-Finned Pilot Whale,75004
7500403V,1095  B30:00  14:35.688,81600,1.915,Long-Finned Pilot Whale,75004
7500403W,1095  B30:00  14:37.553,81600,2.819,Long-Finned Pilot Whale,75004
7500403X,1095  B30:00  14:40.948,81600,1.621,Long-Finned Pilot Whale,75004
7500403Y,1095  B30:00  14:44.764,81600,1.839,Long-Finned Pilot Whale,75004
75010001,223  B7:00.00  5:23.229,166600,1.767,Long-Finned Pilot Whale,75010
75010002,223  B7:00.00  5:25.220,166600,4.721,Long-Finned Pilot Whale,75010
75010003,223  B7:00.00  5:31.223,166600,1.847,Long-Finned Pilot Whale,75010
75010004,223  B7:00.00  5:44.463,166600,3.585,Long-Finned Pilot Whale,75010
75010005,223  B7:00.00  5:47.987,166600,4.054,Long-Finned Pilot Whale,75010
75010006,223  B7:00.00  5:59.043,166600,4.275,Long-Finned Pilot Whale,75010
75010007,223  B7:00.00  6:06.763,166600,3.226,Long-Finned Pilot Whale,75010
75010008,223  B7:00.00  6:12.244,166600,3.304,Long-Finned Pilot Whale,75010
75010009,1009  B5:00.00  14:59.704,166600,2.672,Long-Finned Pilot Whale,75010
7501000A,1009  B5:00.00  15:16.298,166600,2.143,Long-Finned Pilot Whale,75010
7501000B,1009  B5:00.00  15:19.104,166600,1.677,Long-Finned Pilot Whale,75010
7501000C,1009  B5:00.00  15:58.660,166600,3.593,Long-Finned Pilot Whale,75010
7501000D,1009  B5:00.00  16:36.038,166600,1.679,Long-Finned Pilot Whale,75010
7501000E,1009  B5:00.00  16:39.832,166600,1.954,Long-Finned Pilot Whale,75010
7501000F,1009  B5:00.00  17:07.881,166600,2.484,Long-Finned Pilot Whale,75010
7501000G,1009  B5:00.00  17:31.312,166600,2.428,Long-Finned Pilot Whale,75010
7501000H,1009  B5:00.00  17:34.283,166600,2.182,Long-Finned Pilot Whale,75010
7501000I,1009  B5:00.00  17:51.349,166600,2.118,Long-Finned Pilot Whale,75010
7501000J,1009  B5:00.00  18:03.215,166600,1.591,Long-Finned Pilot Whale,75010
7501000K,1009  B5:00.00  18:06.913,166600,1.345,Long-Finned Pilot Whale,75010
7501000L,1009  B5:00.00  18:13.554,166600,1.877,Long-Finned Pilot Whale,75010
7501000M,1009  B5:00.00  18:24.793,166600,2.023,Long-Finned Pilot Whale,75010
7501000N,1009  B5:00.00  18:27.491,166600,1.388,Long-Finned Pilot Whale,75010
7501000O,1009  B5:00.00  18:33.146,166600,1.435,Long-Finned Pilot Whale,75010
7501000P,1009  B5:00.00  18:38.052,166600,1.098,Long-Finned Pilot Whale,75010
7501000Q,1009  B5:00.00  18:42.340,166600,1.696,Long-Finned Pilot Whale,75010
7501000R,1009  B5:00.00  18:44.516,166600,1.794,Long-Finned Pilot Whale,75010
7501000S,1009  B5:00.00  18:47.213,166600,1.450,Long-Finned Pilot Whale,75010
7501000T,1009  B5:00.00  18:49.156,166600,2.320,Long-Finned Pilot Whale,75010
7501000U,1009  B5:00.00  18:51.477,166600,2.099,Long-Finned Pilot Whale,75010
7501000V,1009  B5:00.00  18:55.573,166600,1.819,Long-Finned Pilot Whale,75010
7501000W,1009  B5:00.00  18:57.509,166600,2.287,Long-Finned Pilot Whale,75010
7501000X,1090  B2:00.00  19:00.000,166600,2.701,Long-Finned Pilot Whale,75010
7501000Y,1090  B2:00.00  19:02.588,166600,3.143,Long-Finned Pilot Whale,75010
7501000Z,1090  B2:00.00  19:05.731,166600,2.776,Long-Finned Pilot Whale,75010
75010010,1090  B2:00.00  19:08.382,166600,2.185,Long-Finned Pilot Whale,75010
75010011,1090  B2:00.00  19:10.433,166600,3.053,Long-Finned Pilot Whale,75010
75010012,1090  B2:00.00  19:13.397,166600,1.961,Long-Finned Pilot Whale,75010
75010013,1090  B2:00.00  19:15.331,166600,3.107,Long-Finned Pilot Whale,75010
75010014,1090  B2:00.00  19:18.421,166600,3.152,Long-Finned Pilot Whale,75010
75010015,1090  B2:00.00  19:21.412,166600,1.719,Long-Finned Pilot Whale,75010
75010016,1090  B2:00.00  19:23.123,166600,3.331,Long-Finned Pilot Whale,75010
75010017,1090  B2:00.00  19:26.490,166600,1.513,Long-Finned Pilot Whale,75010
75010018,1090  B2:00.00  19:27.887,166600,2.310,Long-Finned Pilot Whale,75010
75010019,1090  B2:00.00  19:30.027,166600,2.068,Long-Finned Pilot Whale,75010
7501001A,1090  B2:00.00  19:32.096,166600,2.006,Long-Finned Pilot Whale,75010
7501001B,1090  B2:00.00  19:34.013,166600,1.844,Long-Finned Pilot Whale,75010
7501001C,1090  B2:00.00  19:35.804,166600,2.722,Long-Finned Pilot Whale,75010
7501001D,1090  B2:00.00  19:38.625,166600,1.997,Long-Finned Pilot Whale,75010
7501001E,1090  B2:00.00  19:40.541,166600,2.006,Long-Finned Pilot Whale,75010
7501001F,1090  B2:00.00  19:42.503,166600,3.026,Long-Finned Pilot Whale,75010
75011001,389  B47.50  36.64,40960,3.781,Sperm Whale,75011
75011002,389  B47.50  41.36,40960,3.781,Sperm Whale,75011
75011003,338  B47.50  5.921,40960,3.781,Sperm Whale,75011
75011004,338  B47.50  20.74,40960,3.781,Sperm Whale,75011
75011005,198  B6:00.00  0:00.061,166600,2.027,Sperm Whale,75011
75011006,198  B6:00.00  0:07.280,166600,2.566,Sperm Whale,75011
75011007,198  B6:00.00  0:15.786,166600,2.449,Long-Finned Pilot Whale,75011
75011008,198  B6:00.00  0:18.961,166600,2.196,Sperm Whale,75011
75011009,198  B6:00.00  0:22.149,166600,2.285,Sperm Whale,75011
7501100A,198  B6:00.00  0:24.524,166600,2.627,Long-Finned Pilot Whale,75011
7501100B,198  B6:00.00  0:27.151,166600,1.833,Sperm Whale,75011
7501100C,198  B6:00.00  0:31.531,166600,2.217,Sperm Whale,75011
7501100D,198  B6:00.00  0:34.179,166600,2.333,Sperm Whale,75011
7501100E,198  B6:00.00  0:39.366,166600,2.401,Sperm Whale,75011
7501100F,198  B6:00.00  0:46.804,166600,2.750,Sperm Whale,75011
7501100G,198  B6:00.00  0:50.088,166600,1.827,Long-Finned Pilot Whale,75011
7501100H,198  B6:00.00  0:52.073,166600,3.106,Long-Finned Pilot Whale,75011
7501100I,198  B6:00.00  0:55.179,166600,1.594,Long-Finned Pilot Whale,75011
7501100J,198  B6:00.00  1:01.146,166600,2.353,Long-Finned Pilot Whale,75011
7501100K,198  B6:00.00  1:03.500,166600,2.066,Long-Finned Pilot Whale,75011
7501100L,198  B6:00.00  1:12.697,166600,3.893,Long-Finned Pilot Whale,75011
7501100M,198  B6:00.00  1:17.233,166600,2.087,Long-Finned Pilot Whale,75011
7501100N,198  B6:00.00  1:21.788,166600,2.048,Long-Finned Pilot Whale,75011
7501100O,198  B6:00.00  1:33.189,166600,2.613,Long-Finned Pilot Whale,75011
7501100P,198  B6:00.00  1:35.802,166600,2.585,Long-Finned Pilot Whale,75011
7501100Q,198  B6:00.00  2:09.252,166600,1.756,Long-Finned Pilot Whale,75011
7501100R,198  B6:00.00  2:11.469,166600,1.679,Long-Finned Pilot Whale,75011
7501100S,198  B6:00.00  2:13.901,166600,1.728,Long-Finned Pilot Whale,75011
7501100T,198  B6:00.00  2:15.608,166600,1.728,Long-Finned Pilot Whale,75011
7501100U,198  B6:00.00  2:17.726,166600,1.895,Long-Finned Pilot Whale,75011
7501100V,198  B6:00.00  2:20.402,166600,2.989,Long-Finned Pilot Whale,75011
7501100W,198  B6:00.00  2:23.413,166600,3.198,Long-Finned Pilot Whale,75011
7501100X,198  B6:00.00  2:26.598,166600,2.682,Long-Finned Pilot Whale,75011
7501100Y,198  B6:00.00  2:29.706,166600,3.184,Long-Finned Pilot Whale,75011
7501100Z,198  B6:00.00  2:34.270,166600,2.446,Long-Finned Pilot Whale,75011
75011010,198  B6:00.00  2:38.654,166600,2.878,Long-Finned Pilot Whale,75011
75011011,198  B6:00.00  2:48.222,166600,3.644,Long-Finned Pilot Whale,75011
75011012,198  B6:00.00  2:52.100,166600,3.671,Long-Finned Pilot Whale,75011
75011013,198  B6:00.00  2:56.739,166600,3.693,Sperm Whale,75011
75011014,198  B6:00.00  3:00.377,166600,2.514,Sperm Whale,75011
75011015,198  B6:00.00  3:03.856,166600,2.511,Long-Finned Pilot Whale,75011
75011016,198  B6:00.00  3:08.423,166600,3.113,Long-Finned Pilot Whale,75011
75011017,198  B6:00.00  3:14.050,166600,2.359,Long-Finned Pilot Whale,75011
75011018,198  B6:00.00  3:18.112,166600,3.423,Long-Finned Pilot Whale,75011
75011019,198  B6:00.00  3:26.931,166600,3.732,Long-Finned Pilot Whale,75011
7501101A,198  B6:00.00  3:35.576,166600,2.127,Long-Finned Pilot Whale,75011
7501101B,198  B6:00.00  3:37.858,166600,3.326,Long-Finned Pilot Whale,75011
7501101C,198  B6:00.00  3:43.253,166600,2.997,Long-Finned Pilot Whale,75011
7501101D,198  B6:00.00  3:51.395,166600,3.345,Long-Finned Pilot Whale,75011
7501101E,198  B6:00.00  3:56.791,166600,3.481,Long-Finned Pilot Whale,75011
7501101F,198  B6:00.00  4:10.832,166600,3.113,Long-Finned Pilot Whale,75011
7501101G,198  B6:00.00  4:22.834,166600,3.837,Long-Finned Pilot Whale,75011
7501101H,198  B6:00.00  4:55.017,166600,3.854,Sperm Whale,75011
7501101I,198  B6:00.00  5:11.648,166600,3.588,Sperm Whale,75011
7501101J,198  B6:00.00  5:16.234,166600,2.791,Long-Finned Pilot Whale,75011
7501101K,198  B6:00.00  5:29.492,166600,2.791,Sperm Whale,75011
7501101L,198  B6:00.00  5:33.403,166600,2.133,Sperm Whale,75011
7501101M,198  B6:00.00  5:36.908,166600,2.215,Sperm Whale,75011
7501101N,198  B6:00.00  5:40.221,166600,3.310,Sperm Whale,75011
7501101O,198  B6:00.00  5:43.504,166600,2.149,Sperm Whale,75011
7501101P,198  B6:00.00  5:45.825,166600,3.942,Sperm Whale,75011
7501101Q,198  B6:00.00  5:49.781,166600,3.507,Sperm Whale,75011
7501101R,198  B6:00.00  5:54.285,166600,3.204,Sperm Whale,75011
7501101S,409  B6:00.00  6:03.542,166600,3.865,Sperm Whale,75011
7501101T,409  B6:00.00  6:06.649,166600,2.008,Sperm Whale,75011
7501101U,409  B6:00.00  6:08.617,166600,2.904,Sperm Whale,75011
7501101V,409  B6:00.00  6:11.603,166600,3.745,Sperm Whale,75011
7501101W,409  B6:00.00  6:16.204,166600,3.162,Sperm Whale,75011
7501101X,409  B6:00.00  6:19.379,166600,3.311,Sperm Whale,75011
7501101Y,409  B6:00.00  6:31.458,166600,3.718,Long-Finned Pilot Whale,75011
7501101Z,409  B6:00.00  7:48.829,166600,2.985,Long-Finned Pilot Whale,75011
75011020,409  B6:00.00  8:06.702,166600,2.565,Long-Finned Pilot Whale,75011
75011021,409  B6:00.00  8:40.156,166600,3.107,Sperm Whale,75011
75011022,409  B6:00.00  8:43.983,166600,2.565,Sperm Whale,75011
75011023,409  B6:00.00  8:48.204,166600,3.230,Sperm Whale,75011
75011024,409  B6:00.00  8:51.434,166600,3.962,Sperm Whale,75011
75011025,409  B6:00.00  8:56.645,166600,2.673,Sperm Whale,75011
75011029,409  B6:00.00  9:25.159,166600,2.714,Sperm Whale,75011
7501102A,409  B6:00.00  9:28.077,166600,1.981,Sperm Whale,75011
7501102B,409  B6:00.00  9:31.076,166600,2.863,Sperm Whale,75011
7501102C,409  B6:00.00  9:33.939,166600,2.307,Sperm Whale,75011
7501102D,409  B6:00.00  9:40.209,166600,3.216,Sperm Whale,75011
7501102E,409  B6:00.00  9:57.730,166600,2.198,Long-Finned Pilot Whale,75011
7501102F,409  B6:00.00  10:00.390,166600,3.107,Long-Finned Pilot Whale,75011
7501102G,409  B6:00.00  10:13.378,166600,2.442,Long-Finned Pilot Whale,75011
7501102H,409  B6:00.00  11:17.734,166600,3.596,Sperm Whale,75011
7501102I,409  B6:00.00  11:20.448,166600,3.840,Sperm Whale,75011
7501102J,409  B6:00.00  11:24.750,166600,3.555,Sperm Whale,75011
7501102K,409  B6:00.00  11:52.448,166600,3.772,Long-Finned Pilot Whale,75011
7501102L,655  B6:00.00  12:08.174,166600,2.146,Long-Finned Pilot Whale,75011
7501102M,655  B6:00.00  12:16.003,166600,2.183,Long-Finned Pilot Whale,75011
7501102N,655  B6:00.00  12:27.057,166600,2.171,Long-Finned Pilot Whale,75011
7501102O,655  B6:00.00  12:30.333,166600,2.158,Long-Finned Pilot Whale,75011
7501102P,655  B6:00.00  12:33.583,166600,1.662,Long-Finned Pilot Whale,75011
7501102Q,655  B6:00.00  12:37.988,166600,3.225,Long-Finned Pilot Whale,75011
7501102R,655  B6:00.00  12:43.261,166600,3.002,Long-Finned Pilot Whale,75011
7501102S,655  B6:00.00  12:47.727,166600,3.064,Long-Finned Pilot Whale,75011
7501102T,655  B6:00.00  12:50.792,166600,3.039,Long-Finned Pilot Whale,75011
7501102U,655  B6:00.00  12:53.770,166600,2.307,Long-Finned Pilot Whale,75011
7501102V,655  B6:00.00  12:56.462,166600,2.270,Long-Finned Pilot Whale,75011
7501102W,655  B6:00.00  12:59.725,166600,3.138,Long-Finned Pilot Whale,75011
7501102X,655  B6:00.00  13:02.864,166600,2.344,Long-Finned Pilot Whale,75011
7501102Y,655  B6:00.00  13:07.454,166600,2.555,Long-Finned Pilot Whale,75011
7501102Z,655  B6:00.00  13:10.010,166600,3.548,Long-Finned Pilot Whale,75011
75011030,655  B6:00.00  13:13.869,166600,2.344,Long-Finned Pilot Whale,75011
75011031,655  B6:00.00  13:16.189,166600,3.188,Long-Finned Pilot Whale,75011
75011032,655  B6:00.00  13:22.125,166600,2.661,Long-Finned Pilot Whale,75011
75011033,655  B6:00.00  13:24.787,166600,1.483,Long-Finned Pilot Whale,75011
75011034,655  B6:00.00  13:26.782,166600,2.064,Long-Finned Pilot Whale,75011
75011035,655  B6:00.00  13:28.847,166600,2.494,Long-Finned Pilot Whale,75011
75011036,655  B6:00.00  13:31.341,166600,2.717,Long-Finned Pilot Whale,75011
75011037,655  B6:00.00  13:36.132,166600,3.045,Long-Finned Pilot Whale,75011
75011038,655  B6:00.00  13:39.362,166600,2.389,Long-Finned Pilot Whale,75011
75011039,655  B6:00.00  13:42.197,166600,3.373,Long-Finned Pilot Whale,75011
7501103A,655  B6:00.00  13:45.558,166600,1.916,Long-Finned Pilot Whale,75011
7501103B,655  B6:00.00  13:48.144,166600,1.929,Long-Finned Pilot Whale,75011
7501103C,655  B6:00.00  13:50.073,166600,2.218,Long-Finned Pilot Whale,75011
7501103D,655  B6:00.00  13:53.749,166600,2.940,Long-Finned Pilot Whale,75011
7501103E,655  B6:00.00  13:58.212,166600,2.481,Long-Finned Pilot Whale,75011
7501103F,655  B6:00.00  14:02.636,166600,1.877,Long-Finned Pilot Whale,75011
7501103G,655  B6:00.00  14:04.894,166600,1.955,Long-Finned Pilot Whale,75011
7501103H,655  B6:00.00  14:10.670,166600,2.691,Long-Finned Pilot Whale,75011
7501103I,655  B6:00.00  14:15.291,166600,2.284,Long-Finned Pilot Whale,75011
7501103J,655  B6:00.00  14:19.347,166600,2.113,Long-Finned Pilot Whale,75011
7501103K,655  B6:00.00  14:31.083,166600,2.152,Long-Finned Pilot Whale,75011
7501103L,655  B6:00.00  14:33.616,166600,2.034,Long-Finned Pilot Whale,75011
7501103M,655  B6:00.00  14:39.524,166600,3.334,Long-Finned Pilot Whale,75011
7501103N,655  B6:00.00  14:43.527,166600,1.798,Long-Finned Pilot Whale,75011
7501103O,655  B6:00.00  14:46.665,166600,3.596,Long-Finned Pilot Whale,75011
7501103P,655  B6:00.00  14:50.865,166600,3.504,Long-Finned Pilot Whale,75011
7501103Q,655  B6:00.00  14:57.324,166600,2.572,Long-Finned Pilot Whale,75011
7501103R,655  B6:00.00  15:00.960,166600,3.439,Long-Finned Pilot Whale,75011
7501103S,655  B6:00.00  15:09.388,166600,3.609,Long-Finned Pilot Whale,75011
7501103T,655  B6:00.00  15:16.359,166600,2.586,Long-Finned Pilot Whale,75011
7501103U,655  B6:00.00  15:21.176,166600,2.113,Long-Finned Pilot Whale,75011
7501103V,655  B6:00.00  15:24.576,166600,2.835,Long-Finned Pilot Whale,75011
7501103W,655  B6:00.00  15:27.412,166600,1.837,Long-Finned Pilot Whale,75011
7501103X,655  B6:00.00  15:38.570,166600,2.979,Long-Finned Pilot Whale,75011
7501103Y,655  B6:00.00  15:42.259,166600,2.152,Long-Finned Pilot Whale,75011
7501103Z,655  B6:00.00  15:45.357,166600,2.651,Long-Finned Pilot Whale,75011
75011040,655  B6:00.00  15:49.584,166600,3.308,Long-Finned Pilot Whale,75011
75011041,655  B6:00.00  15:56.397,166600,2.559,Long-Finned Pilot Whale,75011
75011042,655  B6:00.00  15:58.799,166600,1.785,Sperm Whale,75011
75011043,655  B6:00.00  16:00.584,166600,2.704,Sperm Whale,75011
75011044,655  B6:00.00  16:03.328,166600,1.719,Long-Finned Pilot Whale,75011
75011045,655  B6:00.00  16:05.021,166600,3.531,Sperm Whale,75011
75011046,655  B6:00.00  16:08.539,166600,2.940,Sperm Whale,75011
75011047,655  B6:00.00  16:11.480,166600,3.452,Sperm Whale,75011
75011048,655  B6:00.00  16:15.549,166600,3.859,Sperm Whale,75011
75011049,655  B6:00.00  16:19.527,166600,2.769,Long-Finned Pilot Whale,75011
7501104A,655  B6:00.00  16:22.231,166600,1.601,Long-Finned Pilot Whale,75011
7501104B,655  B6:00.00  16:24.305,166600,2.126,Sperm Whale,75011
7501104C,655  B6:00.00  16:26.812,166600,2.034,Sperm Whale,75011
7501104D,655  B6:00.00  16:39.611,166600,1.982,Sperm Whale,75011
7501104E,655  B6:00.00  16:42.613,166600,1.870,Sperm Whale,75011
7501104F,655  B6:00.00  16:44.483,166600,3.157,Long-Finned Pilot Whale,75011
7501104G,655  B6:00.00  16:47.641,166600,2.642,Long-Finned Pilot Whale,75011
7501104H,655  B6:00.00  16:51.003,166600,3.361,Sperm Whale,75011
7501104I,655  B6:00.00  16:54.594,166600,2.304,Sperm Whale,75011
7501104J,655  B6:00.00  16:57.413,166600,3.063,Sperm Whale,75011
7501104K,655  B6:00.00  17:02.726,166600,2.019,Long-Finned Pilot Whale,75011
7501104L,655  B6:00.00  17:04.746,166600,2.195,Long-Finned Pilot Whale,75011
7501104M,655  B6:00.00  17:07.944,166600,1.965,Long-Finned Pilot Whale,75011
7501104N,655  B6:00.00  17:09.923,166600,2.439,Long-Finned Pilot Whale,75011
7501104O,655  B6:00.00  17:12.363,166600,3.266,Long-Finned Pilot Whale,75011
7501104P,655  B6:00.00  17:15.575,166600,2.941,Long-Finned Pilot Whale,75011
7501104Q,655  B6:00.00  17:18.489,166600,3.374,Long-Finned Pilot Whale,75011
7501104R,655  B6:00.00  17:24.900,166600,2.046,Long-Finned Pilot Whale,75011
7501104S,655  B6:00.00  17:30.972,166600,3.185,Long-Finned Pilot Whale,75011
7501104T,655  B6:00.00  17:34.374,166600,2.656,Long-Finned Pilot Whale,75011
7501104U,655  B6:00.00  17:37.477,166600,2.941,Long-Finned Pilot Whale,75011
7501104V,655  B6:00.00  17:41.001,166600,2.520,Long-Finned Pilot Whale,75011
7501104W,655  B6:00.00  17:49.974,166600,2.466,Long-Finned Pilot Whale,75011
7501104X,655  B6:00.00  17:53.497,166600,2.182,Long-Finned Pilot Whale,75011
7501104Y,848  B4:00.00  18:14.724,166600,3.262,Long-Finned Pilot Whale,75011
7501104Z,848  B4:00.00  18:17.973,166600,1.968,Long-Finned Pilot Whale,75011
75011050,848  B4:00.00  18:19.885,166600,1.898,Long-Finned Pilot Whale,75011
75011051,848  B4:00.00  18:22.740,166600,2.404,Long-Finned Pilot Whale,75011
75011052,848  B4:00.00  18:31.671,166600,2.390,Long-Finned Pilot Whale,75011
75011053,848  B4:00.00  18:34.062,166600,3.290,Long-Finned Pilot Whale,75011
75011054,848  B4:00.00  18:38.534,166600,2.531,Long-Finned Pilot Whale,75011
75011055,848  B4:00.00  18:41.853,166600,3.558,Long-Finned Pilot Whale,75011
75011056,848  B4:00.00  18:45.369,166600,2.418,Long-Finned Pilot Whale,75011
75011057,848  B4:00.00  18:48.280,166600,3.079,Long-Finned Pilot Whale,75011
75011058,848  B4:00.00  18:51.797,166600,2.058,Long-Finned Pilot Whale,75011
75011059,848  B4:00.00  18:54.829,166600,1.419,Long-Finned Pilot Whale,75011
7501105A,848  B4:00.00  18:57.502,166600,1.918,Long-Finned Pilot Whale,75011
7501105B,848  B4:00.00  18:59.383,166600,1.913,Long-Finned Pilot Whale,75011
7501105C,848  B4:00.00  19:02.199,166600,1.935,Long-Finned Pilot Whale,75011
7501105D,848  B4:00.00  19:08.438,166600,1.733,Long-Finned Pilot Whale,75011
7501105E,848  B4:00.00  19:11.659,166600,2.170,Long-Finned Pilot Whale,75011
7501105F,848  B4:00.00  19:13.830,166600,1.919,Long-Finned Pilot Whale,75011
7501105G,848  B4:00.00  19:15.744,166600,1.738,Long-Finned Pilot Whale,75011
7501105H,848  B4:00.00  19:18.614,166600,1.941,Long-Finned Pilot Whale,75011
7501105I,848  B4:00.00  19:24.979,166600,1.842,Long-Finned Pilot Whale,75011
7501105J,848  B4:00.00  19:28.933,166600,1.930,Long-Finned Pilot Whale,75011
7501105K,848  B4:00.00  19:31.038,166600,1.935,Long-Finned Pilot Whale,75011
7501105L,848  B4:00.00  19:34.456,166600,2.012,Long-Finned Pilot Whale,75011
7501105M,848  B4:00.00  19:36.654,166600,2.471,Long-Finned Pilot Whale,75011
7501105N,848  B4:00.00  19:39.990,166600,2.006,Long-Finned Pilot Whale,75011
7501105O,848  B4:00.00  19:43.522,166600,1.946,Long-Finned Pilot Whale,75011
7501105P,848  B4:00.00  19:45.944,166600,2.351,Long-Finned Pilot Whale,75011
7501105Q,848  B4:00.00  19:49.045,166600,1.629,Long-Finned Pilot Whale,75011
7501105R,848  B4:00.00  19:54.693,166600,2.597,Long-Finned Pilot Whale,75011
7501105S,848  B4:00.00  19:57.821,166600,2.389,Long-Finned Pilot Whale,75011
7501105T,848  B4:00.00  20:00.112,166600,2.231,Long-Finned Pilot Whale,75011
7501105U,848  B4:00.00  20:03.273,166600,2.203,Long-Finned Pilot Whale,75011
7501105V,848  B4:00.00  20:05.438,166600,2.056,Long-Finned Pilot Whale,75011
7501105W,848  B4:00.00  20:07.620,166600,1.520,Long-Finned Pilot Whale,75011
7501105X,848  B4:00.00  20:09.190,166600,1.897,Long-Finned Pilot Whale,75011
7501105Y,848  B4:00.00  20:11.076,166600,2.083,Long-Finned Pilot Whale,75011
7501105Z,848  B4:00.00  20:13.132,166600,2.684,Long-Finned Pilot Whale,75011
75011060,848  B4:00.00  20:17.042,166600,2.367,Long-Finned Pilot Whale,75011
75011061,848  B4:00.00  20:19.399,166600,2.094,Long-Finned Pilot Whale,75011
75011062,848  B4:00.00  20:21.679,166600,2.395,Long-Finned Pilot Whale,75011
75011063,848  B4:00.00  20:24.057,166600,1.421,Long-Finned Pilot Whale,75011
75011064,848  B4:00.00  20:28.405,166600,2.373,Long-Finned Pilot Whale,75011
75011065,848  B4:00.00  20:31.254,166600,2.909,Long-Finned Pilot Whale,75011
75011066,848  B4:00.00  20:34.387,166600,2.132,Long-Finned Pilot Whale,75011
75011067,848  B4:00.00  20:37.280,166600,2.110,Long-Finned Pilot Whale,75011
75011068,848  B4:00.00  20:39.352,166600,1.946,Long-Finned Pilot Whale,75011
75011069,848  B4:00.00  20:42.551,166600,2.143,Long-Finned Pilot Whale,75011
7501106A,848  B4:00.00  20:48.188,166600,1.995,Long-Finned Pilot Whale,75011
7501106B,848  B4:00.00  20:53.886,166600,2.061,Long-Finned Pilot Whale,75011
7501106C,848  B4:00.00  20:57.288,166600,1.574,Long-Finned Pilot Whale,75011
7501106D,848  B4:00.00  20:59.797,166600,2.039,Long-Finned Pilot Whale,75011
7501106E,848  B4:00.00  21:03.975,166600,2.050,Long-Finned Pilot Whale,75011
7501106F,848  B4:00.00  21:09.985,166600,2.351,Long-Finned Pilot Whale,75011
7501106G,848  B4:00.00  21:15.179,166600,2.138,Long-Finned Pilot Whale,75011
7501106H,848  B4:00.00  21:28.374,166600,1.744,Long-Finned Pilot Whale,75011
7501106I,848  B4:00.00  21:31.797,166600,2.586,Long-Finned Pilot Whale,75011
7501106J,848  B4:00.00  21:39.956,166600,2.280,Long-Finned Pilot Whale,75011
7501106K,848  B4:00.00  21:43.876,166600,1.946,Long-Finned Pilot Whale,75011
7501106L,848  B4:00.00  21:47.753,166600,2.695,Long-Finned Pilot Whale,75011
7501106M,848  B4:00.00  21:53.107,166600,2.471,Long-Finned Pilot Whale,75011
75012001,224  B7:00.00  0:32.173,166600,2.292,Long-Finned Pilot Whale,75012
75012002,224  B7:00.00  0:37.564,166600,2.727,Sperm Whale,75012
75012003,224  B7:00.00  0:40.207,166600,3.013,Sperm Whale,75012
75012004,224  B7:00.00  0:48.877,166600,3.385,Long-Finned Pilot Whale,75012
75012005,224  B7:00.00  0:52.782,166600,3.109,Long-Finned Pilot Whale,75012
75012006,224  B7:00.00  0:56.857,166600,3.671,Long-Finned Pilot Whale,75012
75012007,224  B7:00.00  1:01.866,166600,3.247,Long-Finned Pilot Whale,75012
75012008,224  B7:00.00  1:08.998,166600,2.663,Long-Finned Pilot Whale,75012
75012009,224  B7:00.00  1:11.661,166600,2.408,Long-Finned Pilot Whale,75012
7501200A,224  B7:00.00  1:14.017,166600,2.217,Long-Finned Pilot Whale,75012
7501200B,224  B7:00.00  1:18.665,166600,2.557,Long-Finned Pilot Whale,75012
7501200C,224  B7:00.00  1:22.358,166600,3.003,Long-Finned Pilot Whale,75012
7501200D,224  B7:00.00  1:25.308,166600,2.546,Long-Finned Pilot Whale,75012
7501200E,224  B7:00.00  1:28.524,166600,2.366,Long-Finned Pilot Whale,75012
7501200F,224  B7:00.00  1:36.558,166600,2.572,Long-Finned Pilot Whale,75012
7501200G,224  B7:00.00  1:39.917,166600,2.072,Long-Finned Pilot Whale,75012
7501200H,224  B7:00.00  1:42.382,166600,2.180,Long-Finned Pilot Whale,75012
7501200I,224  B7:00.00  1:45.455,166600,1.610,Long-Finned Pilot Whale,75012
7501200J,224  B7:00.00  1:59.115,166600,3.643,Long-Finned Pilot Whale,75012
7501200K,224  B7:00.00  2:06.607,166600,3.201,Long-Finned Pilot Whale,75012
7501200L,224  B7:00.00  2:09.809,166600,3.348,Long-Finned Pilot Whale,75012
7501200M,224  B7:00.00  2:22.928,166600,2.779,Long-Finned Pilot Whale,75012
7501200N,224  B7:00.00  2:29.733,166600,3.908,Long-Finned Pilot Whale,75012
7501200O,224  B7:00.00  2:34.398,166600,1.826,Long-Finned Pilot Whale,75012
7501200P,224  B7:00.00  2:36.136,166600,3.672,Long-Finned Pilot Whale,75012
7501200Q,224  B7:00.00  2:39.759,166600,2.130,Long-Finned Pilot Whale,75012
7501200R,224  B7:00.00  2:59.733,166600,3.711,Long-Finned Pilot Whale,75012
7501200S,224  B7:00.00  3:06.921,166600,2.729,Long-Finned Pilot Whale,75012
7501200T,224  B7:00.00  3:10.093,166600,3.594,Long-Finned Pilot Whale,75012
7501200U,224  B7:00.00  3:22.044,166600,2.553,Long-Finned Pilot Whale,75012
7501200V,224  B7:00.00  3:24.597,166600,2.042,Long-Finned Pilot Whale,75012
7501200W,224  B7:00.00  3:26.561,166600,2.975,Long-Finned Pilot Whale,75012
7501200X,224  B7:00.00  3:29.596,166600,2.366,Long-Finned Pilot Whale,75012
7501200Y,224  B7:00.00  3:34.339,166600,1.855,Long-Finned Pilot Whale,75012
7501200Z,224  B7:00.00  3:36.293,166600,2.062,Long-Finned Pilot Whale,75012
75012010,224  B7:00.00  3:39.386,166600,2.887,Long-Finned Pilot Whale,75012
75012011,224  B7:00.00  3:42.450,166600,2.867,Long-Finned Pilot Whale,75012
75012012,224  B7:00.00  3:45.268,166600,3.220,Long-Finned Pilot Whale,75012
75012013,224  B7:00.00  3:48.430,166600,2.906,Long-Finned Pilot Whale,75012
75012014,224  B7:00.00  3:50.718,166600,2.975,Long-Finned Pilot Whale,75012
75012015,224  B7:00.00  3:55.294,166600,2.454,Long-Finned Pilot Whale,75012
75012016,224  B7:00.00  3:57.749,166600,2.906,Long-Finned Pilot Whale,75012
75012017,224  B7:00.00  4:00.734,166600,2.916,Long-Finned Pilot Whale,75012
75012018,224  B7:00.00  4:11.735,166600,2.488,Long-Finned Pilot Whale,75012
75012019,224  B7:00.00  4:14.676,166600,2.320,Long-Finned Pilot Whale,75012
7501201A,224  B7:00.00  4:17.232,166600,2.293,Long-Finned Pilot Whale,75012
7501201B,224  B7:00.00  4:19.706,166600,2.335,Long-Finned Pilot Whale,75012
7501201C,224  B7:00.00  4:27.291,166600,1.692,Long-Finned Pilot Whale,75012
7501201D,224  B7:00.00  4:31.872,166600,1.975,Long-Finned Pilot Whale,75012
7501201E,224  B7:00.00  4:38.345,166600,1.651,Long-Finned Pilot Whale,75012
7501201F,224  B7:00.00  4:40.570,166600,1.457,Long-Finned Pilot Whale,75012
7501201G,224  B7:00.00  4:42.940,166600,1.443,Long-Finned Pilot Whale,75012
7501201H,224  B7:00.00  4:44.653,166600,2.445,Long-Finned Pilot Whale,75012
7501201I,224  B7:00.00  4:48.391,166600,2.086,Long-Finned Pilot Whale,75012
7501201J,224  B7:00.00  4:50.878,166600,2.155,Long-Finned Pilot Whale,75012
7501201K,224  B7:00.00  4:53.116,166600,2.190,Long-Finned Pilot Whale,75012
7501201L,224  B7:00.00  5:18.582,166600,1.975,Long-Finned Pilot Whale,75012
7501201M,224  B7:00.00  5:23.909,166600,2.238,Long-Finned Pilot Whale,75012
7501201N,224  B7:00.00  5:26.209,166600,2.286,Long-Finned Pilot Whale,75012
7501201O,224  B7:00.00  5:28.586,166600,2.134,Long-Finned Pilot Whale,75012
7501201P,224  B7:00.00  5:30.824,166600,2.065,Long-Finned Pilot Whale,75012
7501201Q,224  B7:00.00  5:33.056,166600,2.079,Long-Finned Pilot Whale,75012
7501201R,224  B7:00.00  5:35.329,166600,2.266,Long-Finned Pilot Whale,75012
7501201S,224  B7:00.00  5:49.685,166600,1.920,Long-Finned Pilot Whale,75012
7501201T,224  B7:00.00  5:58.936,166600,2.549,Long-Finned Pilot Whale,75012
7501201U,224  B7:00.00  6:01.466,166600,2.503,Long-Finned Pilot Whale,75012
7501201V,224  B7:00.00  6:03.924,166600,3.384,Long-Finned Pilot Whale,75012
7501201W,224  B7:00.00  6:07.309,166600,3.264,Long-Finned Pilot Whale,75012
7501201X,224  B7:00.00  6:10.889,166600,2.179,Long-Finned Pilot Whale,75012
7501201Y,224  B7:00.00  6:13.031,166600,2.865,Long-Finned Pilot Whale,75012
7501201Z,224  B7:00.00  6:21.275,166600,3.264,Long-Finned Pilot Whale,75012
75012020,224  B7:00.00  6:29.250,166600,1.734,Long-Finned Pilot Whale,75012
75012021,224  B7:00.00  6:32.821,166600,3.468,Long-Finned Pilot Whale,75012
75012022,224  B7:00.00  6:40.379,166600,2.466,Long-Finned Pilot Whale,75012
75012023,224  B7:00.00  6:53.779,166600,1.966,Long-Finned Pilot Whale,75012
75012024,480  B7:00.00  7:00.000,166600,2.601,Long-Finned Pilot Whale,75012
75012025,480  B7:00.00  7:04.990,166600,1.840,Long-Finned Pilot Whale,75012
75012026,480  B7:00.00  7:06.783,166600,2.315,Long-Finned Pilot Whale,75012
75012027,480  B7:00.00  7:10.861,166600,2.206,Long-Finned Pilot Whale,75012
75012028,480  B7:00.00  7:16.490,166600,2.588,Long-Finned Pilot Whale,75012
75012029,480  B7:00.00  7:20.397,166600,1.855,Long-Finned Pilot Whale,75012
7501202A,480  B7:00.00  7:23.141,166600,2.074,Long-Finned Pilot Whale,75012
7501202B,480  B7:00.00  7:28.131,166600,2.806,Long-Finned Pilot Whale,75012
7501202C,480  B7:00.00  7:31.851,166600,1.536,Long-Finned Pilot Whale,75012
7501202D,480  B7:00.00  7:34.416,166600,1.918,Long-Finned Pilot Whale,75012
7501202E,480  B7:00.00  7:37.472,166600,2.120,Long-Finned Pilot Whale,75012
7501202F,480  B7:00.00  7:39.593,166600,2.822,Long-Finned Pilot Whale,75012
7501202G,480  B7:00.00  7:42.416,166600,3.220,Long-Finned Pilot Whale,75012
7501202H,480  B7:00.00  7:45.613,166600,2.401,Long-Finned Pilot Whale,75012
7501202I,480  B7:00.00  7:47.999,166600,1.980,Long-Finned Pilot Whale,75012
7501202J,480  B7:00.00  7:50.650,166600,1.528,Long-Finned Pilot Whale,75012
7501202K,480  B7:00.00  7:55.398,166600,2.120,Long-Finned Pilot Whale,75012
7501202L,480  B7:00.00  8:00.131,166600,2.596,Long-Finned Pilot Whale,75012
7501202M,480  B7:00.00  8:09.971,166600,3.181,Long-Finned Pilot Whale,75012
7501202N,480  B7:00.00  8:15.421,166600,2.619,Long-Finned Pilot Whale,75012
7501202O,480  B7:00.00  8:18.781,166600,1.832,Long-Finned Pilot Whale,75012
7501202P,480  B7:00.00  8:23.623,166600,2.643,Long-Finned Pilot Whale,75012
7501202Q,480  B7:00.00  8:26.563,166600,2.035,Long-Finned Pilot Whale,75012
7501202R,480  B7:00.00  8:29.510,166600,2.120,Long-Finned Pilot Whale,75012
7501202S,480  B7:00.00  8:32.933,166600,1.629,Long-Finned Pilot Whale,75012
7501202T,480  B7:00.00  8:35.187,166600,2.565,Long-Finned Pilot Whale,75012
7501202U,480  B7:00.00  8:42.297,166600,2.892,Long-Finned Pilot Whale,75012
7501202V,480  B7:00.00  8:45.284,166600,3.189,Long-Finned Pilot Whale,75012
7501202W,480  B7:00.00  8:48.348,166600,3.422,Long-Finned Pilot Whale,75012
7501202X,480  B7:00.00  8:51.779,166600,1.684,Long-Finned Pilot Whale,75012
7501202Y,480  B7:00.00  8:53.775,166600,2.339,Long-Finned Pilot Whale,75012
7501202Z,480  B7:00.00  8:56.270,166600,1.863,Long-Finned Pilot Whale,75012
75012030,480  B7:00.00  8:58.133,166600,2.931,Long-Finned Pilot Whale,75012
75012031,480  B7:00.00  9:01.260,166600,1.621,Long-Finned Pilot Whale,75012
75012032,480  B7:00.00  9:03.194,166600,3.118,Long-Finned Pilot Whale,75012
75012033,480  B7:00.00  9:06.258,166600,2.159,Long-Finned Pilot Whale,75012
75012034,480  B7:00.00  9:08.761,166600,1.980,Long-Finned Pilot Whale,75012
75012035,480  B7:00.00  9:10.858,166600,2.690,Long-Finned Pilot Whale,75012
75012036,480  B7:00.00  9:13.579,166600,3.282,Long-Finned Pilot Whale,75012
75012037,480  B7:00.00  9:17.229,166600,2.627,Long-Finned Pilot Whale,75012
75012038,480  B7:00.00  9:19.833,166600,3.578,Long-Finned Pilot Whale,75012
75012039,480  B7:00.00  9:24.152,166600,2.580,Long-Finned Pilot Whale,75012
7501203A,480  B7:00.00  9:26.710,166600,2.588,Long-Finned Pilot Whale,75012
7501203B,480  B7:00.00  9:29.267,166600,2.588,Long-Finned Pilot Whale,75012
7501203C,480  B7:00.00  9:32.815,166600,2.385,Long-Finned Pilot Whale,75012
7501203D,480  B7:00.00  9:34.265,166600,2.783,Long-Finned Pilot Whale,75012
7501203E,480  B7:00.00  9:36.947,166600,3.344,Long-Finned Pilot Whale,75012
7501203F,480  B7:00.00  9:40.253,166600,1.925,Long-Finned Pilot Whale,75012
7501203G,480  B7:00.00  9:42.296,166600,3.150,Long-Finned Pilot Whale,75012
7501203H,480  B7:00.00  9:45.423,166600,2.635,Long-Finned Pilot Whale,75012
7501203I,480  B7:00.00  9:48.830,166600,2.074,Long-Finned Pilot Whale,75012
7501203J,480  B7:00.00  9:52.043,166600,3.329,Long-Finned Pilot Whale,75012
7501203K,480  B7:00.00  9:56.113,166600,3.321,Long-Finned Pilot Whale,75012
7501203L,480  B7:00.00  9:59.925,166600,2.479,Long-Finned Pilot Whale,75012
7501203M,480  B7:00.00  10:02.771,166600,1.863,Long-Finned Pilot Whale,75012
7501203N,480  B7:00.00  10:06.202,166600,2.541,Long-Finned Pilot Whale,75012
7501203O,480  B7:00.00  10:08.815,166600,2.772,Long-Finned Pilot Whale,75012
7501203P,480  B7:00.00  10:11.882,166600,2.952,Long-Finned Pilot Whale,75012
7501203Q,480  B7:00.00  10:15.139,166600,2.785,Long-Finned Pilot Whale,75012
7501203R,480  B7:00.00  10:17.948,166600,2.851,Long-Finned Pilot Whale,75012
7501203S,480  B7:00.00  10:20.750,166600,2.203,Long-Finned Pilot Whale,75012
7501203T,480  B7:00.00  10:23.079,166600,1.990,Long-Finned Pilot Whale,75012
7501203U,480  B7:00.00  10:25.060,166600,2.918,Long-Finned Pilot Whale,75012
7501203V,480  B7:00.00  10:27.959,166600,1.739,Long-Finned Pilot Whale,75012
7501203W,480  B7:00.00  10:29.679,166600,2.560,Long-Finned Pilot Whale,75012
7501203X,480  B7:00.00  10:32.404,166600,3.285,Long-Finned Pilot Whale,75012
7501203Y,480  B7:00.00  10:35.671,166600,3.430,Long-Finned Pilot Whale,75012
7501203Z,480  B7:00.00  10:39.198,166600,3.140,Long-Finned Pilot Whale,75012
75012040,480  B7:00.00  10:42.310,166600,3.247,Long-Finned Pilot Whale,75012
75012041,480  B7:00.00  10:46.272,166600,2.000,Long-Finned Pilot Whale,75012
75012042,480  B7:00.00  10:48.311,166600,3.198,Long-Finned Pilot Whale,75012
75012043,480  B7:00.00  10:51.645,166600,3.285,Long-Finned Pilot Whale,75012
75012044,480  B7:00.00  10:54.882,166600,2.821,Long-Finned Pilot Whale,75012
75012045,480  B7:00.00  10:57.888,166600,2.850,Long-Finned Pilot Whale,75012
75012046,480  B7:00.00  11:03.763,166600,3.005,Long-Finned Pilot Whale,75012
75012047,480  B7:00.00  11:06.730,166600,3.005,Long-Finned Pilot Whale,75012
75012048,480  B7:00.00  11:09.900,166600,3.005,Long-Finned Pilot Whale,75012
75012049,480  B7:00.00  11:13.079,166600,2.386,Long-Finned Pilot Whale,75012
7501204A,480  B7:00.00  11:15.428,166600,3.005,Long-Finned Pilot Whale,75012
7501204B,480  B7:00.00  11:18.404,166600,2.715,Long-Finned Pilot Whale,75012
7501204C,480  B7:00.00  11:21.719,166600,3.614,Long-Finned Pilot Whale,75012
7501204D,480  B7:00.00  11:25.932,166600,2.908,Long-Finned Pilot Whale,75012
7501204E,480  B7:00.00  11:28.870,166600,3.585,Long-Finned Pilot Whale,75012
7501204F,480  B7:00.00  11:32.349,166600,1.787,Long-Finned Pilot Whale,75012
7501204G,480  B7:00.00  11:34.349,166600,1.778,Long-Finned Pilot Whale,75012
7501204H,480  B7:00.00  11:36.195,166600,2.242,Sperm Whale,75012
7501204I,480  B7:00.00  11:38.263,166600,3.053,Sperm Whale,75012
7501204J,480  B7:00.00  11:41.452,166600,2.415,Sperm Whale,75012
7501204K,480  B7:00.00  11:44.458,166600,2.638,Sperm Whale,75012
7501204L,480  B7:00.00  11:55.571,166600,2.309,Sperm Whale,75012
7501204M,480  B7:00.00  11:59.176,166600,3.305,Sperm Whale,75012
7501204N,480  B7:00.00  12:02.452,166600,1.778,Sperm Whale,75012
7501204O,480  B7:00.00  12:06.250,166600,2.841,Sperm Whale,75012
7501204P,480  B7:00.00  12:10.396,166600,3.295,Sperm Whale,75012
7501204Q,480  B7:00.00  12:14.851,166600,2.966,Sperm Whale,75012
7501204R,480  B7:00.00  12:19.528,166600,2.966,Sperm Whale,75012
7501204T,480  B7:00.00  12:24.727,166600,3.208,Sperm Whale,75012
7501204U,480  B7:00.00  12:28.844,166600,2.995,Sperm Whale,75012
7501204V,480  B7:00.00  12:31.782,166600,1.797,Sperm Whale,75012
7501204W,480  B7:00.00  12:34.662,166600,2.995,Sperm Whale,75012
7501204X,480  B7:00.00  12:37.783,166600,2.512,Long-Finned Pilot Whale,75012
7501204Y,480  B7:00.00  12:40.247,166600,2.396,Long-Finned Pilot Whale,75012
7501204Z,480  B7:00.00  12:42.617,166600,2.761,Long-Finned Pilot Whale,75012
75012050,480  B7:00.00  12:46.929,166600,2.972,Long-Finned Pilot Whale,75012
75012051,480  B7:00.00  12:49.885,166600,3.309,Long-Finned Pilot Whale,75012
75012052,480  B7:00.00  12:53.439,166600,2.273,Long-Finned Pilot Whale,75012
75012053,480  B7:00.00  12:55.831,166600,1.987,Long-Finned Pilot Whale,75012
75012054,480  B7:00.00  13:01.978,166600,2.947,Long-Finned Pilot Whale,75012
75012055,480  B7:00.00  13:04.934,166600,3.250,Long-Finned Pilot Whale,75012
75012056,480  B7:00.00  13:08.420,166600,2.619,Long-Finned Pilot Whale,75012
75012057,480  B7:00.00  13:11.039,166600,2.122,Long-Finned Pilot Whale,75012
75012058,480  B7:00.00  13:14.753,166600,2.838,Long-Finned Pilot Whale,75012
75012059,786  B7:00.00  16:02.264,166600,2.253,Long-Finned Pilot Whale,75012
7501205A,786  B7:00.00  16:32.878,166600,2.104,Long-Finned Pilot Whale,75012
7501205B,786  B7:00.00  16:43.568,166600,2.779,Long-Finned Pilot Whale,75012
7501205C,786  B7:00.00  17:06.132,166600,2.972,Long-Finned Pilot Whale,75012
7501205D,786  B7:00.00  17:36.641,166600,2.323,Long-Finned Pilot Whale,75012
7501205E,786  B7:00.00  17:43.166,166600,2.665,Long-Finned Pilot Whale,75012
7501205F,786  B7:00.00  17:53.830,166600,2.323,Long-Finned Pilot Whale,75012
7501205G,786  B7:00.00  18:22.734,166600,2.595,Long-Finned Pilot Whale,75012
7501205H,786  B7:00.00  18:33.933,166600,1.902,Long-Finned Pilot Whale,75012
7501205I,786  B7:00.00  18:38.949,166600,3.446,Long-Finned Pilot Whale,75012
7501205J,786  B7:00.00  18:44.079,166600,2.701,Long-Finned Pilot Whale,75012
7501205K,786  B7:00.00  18:46.780,166600,2.762,Long-Finned Pilot Whale,75012
7501205L,786  B7:00.00  18:50.248,166600,2.805,Long-Finned Pilot Whale,75012
7501205M,786  B7:00.00  18:54.825,166600,2.166,Long-Finned Pilot Whale,75012
7501205N,786  B7:00.00  18:58.462,166600,2.505,Long-Finned Pilot Whale,75012
7501205O,786  B7:00.00  19:01.007,166600,2.418,Long-Finned Pilot Whale,75012
7501205P,786  B7:00.00  19:03.553,166600,2.917,Long-Finned Pilot Whale,75012
7501205Q,786  B7:00.00  19:06.422,166600,2.426,Long-Finned Pilot Whale,75012
7501205R,786  B7:00.00  19:09.268,166600,2.545,Long-Finned Pilot Whale,75012
7501205S,786  B7:00.00  19:11.727,166600,2.766,Long-Finned Pilot Whale,75012
7501205T,786  B7:00.00  19:14.596,166600,2.411,Long-Finned Pilot Whale,75012
7501205U,786  B7:00.00  19:17.300,166600,2.656,Long-Finned Pilot Whale,75012
7501205V,786  B7:00.00  19:19.932,166600,2.347,Long-Finned Pilot Whale,75012
7501205W,786  B7:00.00  19:22.240,166600,1.857,Long-Finned Pilot Whale,75012
7501205X,786  B7:00.00  19:33.221,166600,2.537,Long-Finned Pilot Whale,75012
7501205Y,786  B7:00.00  19:37.363,166600,2.039,Long-Finned Pilot Whale,75012
7501205Z,786  B7:00.00  19:42.786,166600,2.086,Long-Finned Pilot Whale,75012
75012060,786  B7:00.00  19:44.810,166600,2.624,Long-Finned Pilot Whale,75012
75012061,786  B7:00.00  19:47.948,166600,2.276,Long-Finned Pilot Whale,75012
75012062,786  B7:00.00  19:56.612,166600,2.355,Long-Finned Pilot Whale,75012
75012063,786  B7:00.00  20:01.932,166600,2.640,Long-Finned Pilot Whale,75012
75012064,786  B7:00.00  20:05.655,166600,2.205,Long-Finned Pilot Whale,75012
75012065,786  B7:00.00  20:08.391,166600,2.324,Long-Finned Pilot Whale,75012
75012066,786  B7:00.00  20:13.750,166600,1.897,Long-Finned Pilot Whale,75012
75012067,786  B7:00.00  20:15.592,166600,2.758,Long-Finned Pilot Whale,75012
75012068,786  B7:00.00  20:18.604,166600,2.798,Long-Finned Pilot Whale,75012
75012069,786  B7:00.00  20:21.711,166600,1.889,Long-Finned Pilot Whale,75012
7501206A,786  B7:00.00  20:23.616,166600,2.521,Long-Finned Pilot Whale,75012
7501206B,786  B7:00.00  20:26.090,166600,2.901,Long-Finned Pilot Whale,75012
7501206C,786  B7:00.00  20:28.991,166600,3.130,Long-Finned Pilot Whale,75012
7501206D,786  B7:00.00  20:32.090,166600,2.569,Long-Finned Pilot Whale,75012
7501206E,786  B7:00.00  20:34.774,166600,2.758,Long-Finned Pilot Whale,75012
7501206F,786  B7:00.00  20:37.480,166600,2.463,Long-Finned Pilot Whale,75012
7501206G,786  B7:00.00  20:39.920,166600,2.690,Long-Finned Pilot Whale,75012
7501206H,786  B7:00.00  20:42.626,166600,2.729,Long-Finned Pilot Whale,75012
7501206I,786  B7:00.00  20:45.324,166600,1.900,Long-Finned Pilot Whale,75012
7501206J,786  B7:00.00  20:47.209,166600,2.737,Long-Finned Pilot Whale,75012
7501206K,786  B7:00.00  20:50.322,166600,2.799,Long-Finned Pilot Whale,75012
7501206L,786  B7:00.00  20:53.122,166600,2.878,Long-Finned Pilot Whale,75012
7501206M,786  B7:00.00  20:55.945,166600,2.831,Long-Finned Pilot Whale,75012
7501206N,1109  B4:00.00  21:25.021,166600,2.609,Long-Finned Pilot Whale,75012
7501206O,1109  B4:00.00  21:27.929,166600,2.664,Long-Finned Pilot Whale,75012
7501206P,1109  B4:00.00  21:30.593,166600,2.599,Long-Finned Pilot Whale,75012
7501206Q,1109  B4:00.00  21:48.779,166600,2.956,Long-Finned Pilot Whale,75012
7501206R,1109  B4:00.00  21:53.245,166600,2.343,Long-Finned Pilot Whale,75012
7501206S,1109  B4:00.00  21:55.579,166600,2.506,Long-Finned Pilot Whale,75012
7501206T,1109  B4:00.00  21:58.431,166600,2.708,Long-Finned Pilot Whale,75012
7501206U,1109  B4:00.00  22:01.139,166600,2.362,Long-Finned Pilot Whale,75012
7501206V,1109  B4:00.00  22:03.502,166600,2.986,Long-Finned Pilot Whale,75012
7501206W,1109  B4:00.00  22:28.895,166600,2.573,Long-Finned Pilot Whale,75012
7501206X,1109  B4:00.00  22:31.526,166600,1.959,Long-Finned Pilot Whale,75012
7501206Y,1109  B4:00.00  22:33.495,166600,3.006,Long-Finned Pilot Whale,75012
7501206Z,1109  B4:00.00  22:36.539,166600,2.977,Long-Finned Pilot Whale,75012
75012070,1109  B4:00.00  22:39.516,166600,2.381,Long-Finned Pilot Whale,75012
75012071,1109  B4:00.00  22:41.908,166600,1.623,Long-Finned Pilot Whale,75012
75012072,1109  B4:00.00  22:46.373,166600,2.439,Long-Finned Pilot Whale,75012
75012073,1109  B4:00.00  22:49.581,166600,2.170,Long-Finned Pilot Whale,75012
75012074,1109  B4:00.00  22:58.004,166600,2.036,Long-Finned Pilot Whale,75012
75012075,1109  B4:00.00  23:06.532,166600,3.226,Long-Finned Pilot Whale,75012
75012076,1109  B4:00.00  23:25.711,166600,2.804,Long-Finned Pilot Whale,75012
75012077,1109  B4:00.00  23:40.904,166600,1.901,Long-Finned Pilot Whale,75012
75012078,1109  B4:00.00  24:29.019,166600,1.901,Long-Finned Pilot Whale,75012
75012079,1109  B4:00.00  24:32.333,166600,2.496,Long-Finned Pilot Whale,75012
7501207A,1109  B4:00.00  24:36.549,166600,2.458,Long-Finned Pilot Whale,75012
7501207B,1109  B4:00.00  24:39.084,166600,2.948,Long-Finned Pilot Whale,75012
7501207C,1109  B4:00.00  24:43.156,166600,2.525,Long-Finned Pilot Whale,75012
7501207D,1109  B4:00.00  24:45.682,166600,1.987,Long-Finned Pilot Whale,75012
77026001,198  B6:00.00  0:12.832,166600,2.653,Long-Finned Pilot Whale,77026
77026002,198  B6:00.00  0:17.665,166600,2.375,Long-Finned Pilot Whale,77026
77026003,198  B6:00.00  0:21.335,166600,2.185,Long-Finned Pilot Whale,77026
77026004,198  B6:00.00  0:23.488,166600,2.136,Long-Finned Pilot Whale,77026
77026005,198  B6:00.00  0:25.863,166600,2.218,Long-Finned Pilot Whale,77026
77026006,198  B6:00.00  0:35.050,166600,1.971,Long-Finned Pilot Whale,77026
77026007,198  B6:00.00  0:55.042,166600,2.177,Long-Finned Pilot Whale,77026
77026008,198  B6:00.00  1:09.862,166600,2.094,Long-Finned Pilot Whale,77026
77026009,198  B6:00.00  1:52.575,166600,2.861,Long-Finned Pilot Whale,77026
7702600A,198  B6:00.00  2:07.156,166600,1.962,Long-Finned Pilot Whale,77026
77028001,146  B23.75  1.478,81920,0.833,Long-Finned Pilot Whale,77028
77028002,86  B23.75  6.497,81920,2.481,Long-Finned Pilot Whale,77028
77028003,146  B23.75  20.35,81920,0.748,Long-Finned Pilot Whale,77028
77028004,205  B23.75  2.284,81920,0.562,Sperm Whale,77028
77028005,180  B23.75  7.528,81920,0.358,Long-Finned Pilot Whale,77028
77028006,218  B23.75  11.42,81920,0.471,Sperm Whale,77028
77028007,120  B23.75  19.60,81920,0.2969,Sperm Whale,77028
77028008,218  B23.75  22.10,81920,1.377,Long-Finned Pilot Whale,77028
77028009,135  B23.75  11.99,81920,1.481,Long-Finned Pilot Whale,77028
7702800A,135  B23.75  17.85,81920,0.9969,Long-Finned Pilot Whale,77028
7702800F,146  B23.75  16.84,81920,1.019,Sperm Whale,77028
7702800H,157  B23.75  0.5500,81920,1.247,Long-Finned Pilot Whale,77028
7702800I,157  B23.75  3.606,81920,1.756,Long-Finned Pilot Whale,77028
7702800M,180  B23.75  1.600,81920,0.9688,Long-Finned Pilot Whale,77028
7702800N,180  B23.75  3.553,81920,1.100,Sperm Whale,77028
7702800O,180  B23.75  4.441,81920,0.7062,Sperm Whale,77028
7702800P,180  B23.75  5.281,81920,1.147,Sperm Whale,77028
7702800Q,180  B23.75  6.753,81920,0.9937,Sperm Whale,77028
7702800S,180  B23.75  7.859,81920,1.450,Long-Finned Pilot Whale,77028
7702800T,180  B23.75  9.222,81920,1.366,Sperm Whale,77028
7702800U,180  B23.75  10.98,81920,1.253,Sperm Whale,77028
7702800V,180  B23.75  18.31,81920,1.387,Sperm Whale,77028
7702800W,192  B23.75  4.262,81920,0.9250,Long-Finned Pilot Whale,77028
7702800X,192  B23.75  6.172,81920,1.772,Sperm Whale,77028
7702800Y,192  B23.75  9.212,81920,1.000,Sperm Whale,77028
7702800Z,192  B23.75  11.60,81920,1.428,Long-Finned Pilot Whale,77028
77028010,192  B23.75  14.39,81920,1.672,Long-Finned Pilot Whale,77028
77028011,192  B23.75  17.02,81920,0.9219,Long-Finned Pilot Whale,77028
77028012,192  B23.75  18.33,81920,0.7375,Long-Finned Pilot Whale,77028
77028013,192  B23.75  21.05,81920,0.8844,Long-Finned Pilot Whale,77028
77028015,205  B23.75  4.803,81920,1.819,Long-Finned Pilot Whale,77028
77028016,205  B23.75  7.491,81920,0.8969,Long-Finned Pilot Whale,77028
77028017,205  B23.75  9.587,81920,1.891,Long-Finned Pilot Whale,77028
77028018,205  B23.75  18.99,81920,1.594,Long-Finned Pilot Whale,77028
77028019,218  B23.75  9.216,81920,1.366,Sperm Whale,77028
7702801A,218  B23.75  10.33,81920,1.153,Sperm Whale,77028
7702801C,218  B23.75  12.01,81920,0.931,Sperm Whale,77028
7702801D,218  B23.75  14.34,81920,1.822,Long-Finned Pilot Whale,77028
7702801E,218  B23.75  16.09,81920,1.378,Long-Finned Pilot Whale,77028
7702801F,218  B23.75  17.92,81920,1.728,Sperm Whale,77028
7702801G,218  B23.75  20.14,81920,1.219,Long-Finned Pilot Whale,77028
7702801J,231  B23.75  3.012,81920,0.7594,Sperm Whale,77028
7702801K,231  B23.75  10.67,81920,1.197,Long-Finned Pilot Whale,77028
7702801L,135  B23.75  17.85,81920,0.609,Long-Finned Pilot Whale,77028
7702801M,120  B23.75  19.60,81920,0.133,Sperm Whale,77028
77034001,105  B23.75  3.094,81920,0.8719,Long-Finned Pilot Whale,77034
77034002,118  B23.75  10.68,81920,3.356,Long-Finned Pilot Whale,77034
77034003,118  B23.75  17.78,81920,0.9875,Long-Finned Pilot Whale,77034
77034004,129  B23.75  2.006,81920,0.6969,Long-Finned Pilot Whale,77034
77034005,129  B23.75  8.247,81920,1.222,Long-Finned Pilot Whale,77034
77034006,141  B23.75  2.756,81920,1.197,Long-Finned Pilot Whale,77034
77034007,141  B23.75  13.63,81920,1.197,Long-Finned Pilot Whale,77034
77034008,141  B23.75  15.38,81920,0.9844,Long-Finned Pilot Whale,77034
77034009,141  B23.75  22.28,81920,1.109,Long-Finned Pilot Whale,77034
7703400A,154  B23.75  10.22,81920,0.7437,Long-Finned Pilot Whale,77034
7703400B,219  B23.75  16.03,81920,1.603,Long-Finned Pilot Whale,77034
7703400C,149  B23.75  18.57,81920,1.081,Long-Finned Pilot Whale,77034
7703400D,232  B23.75  10.51,81920,1.109,Long-Finned Pilot Whale,77034
7703400E,353  B23.75  2.750,81920,1.141,Long-Finned Pilot Whale,77034
7703400F,366  B23.75  4.587,81920,1.022,Long-Finned Pilot Whale,77034
7703400G,366  B23.75  7.509,81920,0.8156,Long-Finned Pilot Whale,77034
7703400H,401  B23.75  4.150,81920,1.003,Long-Finned Pilot Whale,77034
7703400I,416  B23.75  17.90,81920,1.063,Long-Finned Pilot Whale,77034
7703400J,438  B23.75  18.82,81920,0.6312,Long-Finned Pilot Whale,77034
7703400K,497  B23.75  7.350,81920,0.9781,Long-Finned Pilot Whale,77034
7703400L,497  B23.75  8.662,81920,0.9562,Long-Finned Pilot Whale,77034
7703400M,497  B23.75  17.93,81920,0.9719,Long-Finned Pilot Whale,77034
7703400N,523  B23.75  15.48,81920,1.059,Long-Finned Pilot Whale,77034
7703400O,523  B23.75  19.59,81920,1.006,Long-Finned Pilot Whale,77034
7703400P,540  B23.75  8.591,81920,0.9625,Long-Finned Pilot Whale,77034
7703400Q,554  B23.75  7.019,81920,1.000,Long-Finned Pilot Whale,77034
7703400R,554  B23.75  12.93,81920,0.8125,Long-Finned Pilot Whale,77034
7703400S,570  B23.75  10.46,81920,1.094,Long-Finned Pilot Whale,77034
7703400T,656  B23.75  20.88,81920,1.172,Long-Finned Pilot Whale,77034
7703400U,7:3.356-8:8.947,60600,1:5.590,Long-Finned Pilot Whale,77034
7703400V,16:11.186-17:5.596,60600,54.410,Long-Finned Pilot Whale,77034
7703400W,21:10.772-24:46.438,60600,3:35.666,Long-Finned Pilot Whale,77034
77035001,193  B6:00.00  0:51.544,166600,1.827,Long-Finned Pilot Whale,77035
77035002,193  B6:00.00  0:55.709,166600,3.346,Long-Finned Pilot Whale,77035
77035003,193  B6:00.00  0:59.553,166600,1.746,Long-Finned Pilot Whale,77035
77035004,193  B6:00.00  1:03.714,166600,1.110,Long-Finned Pilot Whale,77035
77035005,193  B6:00.00  1:07.604,166600,1.268,Long-Finned Pilot Whale,77035
77035006,193  B6:00.00  1:13.493,166600,1.445,Long-Finned Pilot Whale,77035
77035007,193  B6:00.00  1:49.105,166600,1.810,Long-Finned Pilot Whale,77035
77035008,193  B6:00.00  2:14.666,166600,1.463,Long-Finned Pilot Whale,77035
77035009,193  B6:00.00  2:18.746,166600,1.774,Long-Finned Pilot Whale,77035
7703500A,193  B6:00.00  2:35.822,166600,1.499,Long-Finned Pilot Whale,77035
7703500B,193  B6:00.00  2:52.912,166600,1.555,Long-Finned Pilot Whale,77035
7703500C,193  B6:00.00  3:04.169,166600,1.555,Sperm Whale,77035
7703500D,193  B6:00.00  3:10.109,166600,2.262,Sperm Whale,77035
7703500E,193  B6:00.00  3:13.764,166600,1.028,Long-Finned Pilot Whale,77035
7703500F,193  B6:00.00  3:15.991,166600,2.004,Sperm Whale,77035
7703500G,193  B6:00.00  3:19.301,166600,1.315,Long-Finned Pilot Whale,77035
7703500H,193  B6:00.00  3:21.365,166600,2.092,Sperm Whale,77035
7703500I,193  B6:00.00  3:24.137,166600,1.636,Sperm Whale,77035
7703500J,193  B6:00.00  3:27.390,166600,1.753,Long-Finned Pilot Whale,77035
7703500K,193  B6:00.00  3:29.567,166600,1.050,Long-Finned Pilot Whale,77035
7703500L,193  B6:00.00  3:30.653,166600,1.233,Long-Finned Pilot Whale,77035
7703500M,193  B6:00.00  3:32.597,166600,1.495,Long-Finned Pilot Whale,77035
7703500N,193  B6:00.00  3:34.383,166600,1.520,Long-Finned Pilot Whale,77035
7703500O,193  B6:00.00  3:37.002,166600,1.396,Sperm Whale,77035
7703500P,193  B6:00.00  3:42.465,166600,1.251,Sperm Whale,77035
7703500Q,193  B6:00.00  3:43.511,166600,1.718,Sperm Whale,77035
7703500R,193  B6:00.00  3:52.449,166600,1.124,Long-Finned Pilot Whale,77035
7703500S,193  B6:00.00  3:55.814,166600,1.753,Long-Finned Pilot Whale,77035
7703500T,193  B6:00.00  4:02.221,166600,1.795,Long-Finned Pilot Whale,77035
7703500U,193  B6:00.00  4:05.487,166600,1.640,Long-Finned Pilot Whale,77035
7703500V,193  B6:00.00  4:08.796,166600,1.117,Long-Finned Pilot Whale,77035
7703500W,193  B6:00.00  4:13.463,166600,1.845,Long-Finned Pilot Whale,77035
7703500X,193  B6:00.00  4:18.978,166600,1.689,Long-Finned Pilot Whale,77035
7703500Y,193  B6:00.00  4:52.441,166600,1.523,Long-Finned Pilot Whale,77035
7703500Z,193  B6:00.00  5:06.409,166600,1.834,Long-Finned Pilot Whale,77035
77035010,193  B6:00.00  5:12.009,166600,1.301,Long-Finned Pilot Whale,77035
77035011,193  B6:00.00  5:29.489,166600,1.781,Long-Finned Pilot Whale,77035
77035012,193  B6:00.00  5:53.077,166600,1.481,Sperm Whale,77035
77035013,193  B6:00.00  5:55.145,166600,1.166,Long-Finned Pilot Whale,77035
77035014,193  B6:00.00  5:58.479,166600,1.216,Long-Finned Pilot Whale,77035
77035015,193  B6:00.00  6:02.434,166600,1.166,Long-Finned Pilot Whale,77035
77035016,193  B6:00.00  6:05.604,166600,1.836,Long-Finned Pilot Whale,77035
77035017,193  B6:00.00  6:15.712,166600,1.702,Long-Finned Pilot Whale,77035
77035018,193  B6:00.00  7:38.680,166600,2.130,Sperm Whale,77035
77035019,193  B6:00.00  7:41.625,166600,2.130,Sperm Whale,77035
7703501A,193  B6:00.00  7:45.747,166600,2.312,Long-Finned Pilot Whale,77035
7703501B,193  B6:00.00  7:49.908,166600,2.136,Sperm Whale,77035
7703501C,193  B6:00.00  8:04.412,166600,2.232,Sperm Whale,77035
7703501D,193  B6:00.00  8:11.324,166600,2.082,Long-Finned Pilot Whale,77035
7703501E,193  B6:00.00  8:56.331,166600,1.413,Long-Finned Pilot Whale,77035
7703501F,193  B6:00.00  9:05.631,166600,2.163,Sperm Whale,77035
7703501G,193  B6:00.00  10:40.421,166600,2.104,Sperm Whale,77035
7703501H,193  B6:00.00  10:47.531,166600,3.035,Long-Finned Pilot Whale,77035
7703501I,193  B6:00.00  10:50.776,166600,1.916,Long-Finned Pilot Whale,77035
7703501J,193  B6:00.00  10:54.513,166600,1.884,Sperm Whale,77035
7703501K,193  B6:00.00  11:00.258,166600,2.778,Long-Finned Pilot Whale,77035
7703501L,193  B6:00.00  11:04.584,166600,1.718,Long-Finned Pilot Whale,77035
7703501M,193  B6:00.00  11:07.877,166600,1.541,Long-Finned Pilot Whale,77035
7703501N,656  B6:00.00  12:10.693,166600,1.695,Long-Finned Pilot Whale,77035
7703501O,656  B6:00.00  12:13.914,166600,1.824,Long-Finned Pilot Whale,77035
7703501P,656  B6:00.00  12:18.424,166600,1.050,Long-Finned Pilot Whale,77035
7703501Q,656  B6:00.00  12:27.111,166600,1.704,Long-Finned Pilot Whale,77035
7703501R,656  B6:00.00  12:29.088,166600,1.621,Long-Finned Pilot Whale,77035
7703501S,656  B6:00.00  12:39.620,166600,1.732,Long-Finned Pilot Whale,77035
7703501T,656  B6:00.00  12:56.499,166600,1.943,Long-Finned Pilot Whale,77035
7703501U,656  B6:00.00  13:13.744,166600,1.454,Long-Finned Pilot Whale,77035
7703501V,656  B6:00.00  13:53.442,166600,1.660,Long-Finned Pilot Whale,77035
7703501W,656  B6:00.00  15:00.741,166600,1.610,Long-Finned Pilot Whale,77035
7703501X,656  B6:00.00  15:05.305,166600,1.404,Long-Finned Pilot Whale,77035
7703501Y,656  B6:00.00  15:49.067,166600,2.526,Long-Finned Pilot Whale,77035
7703501Z,656  B6:00.00  15:58.817,166600,1.971,Long-Finned Pilot Whale,77035
77035020,656  B6:00.00  16:04.719,166600,1.593,Long-Finned Pilot Whale,77035
77035021,656  B6:00.00  16:07.584,166600,1.521,Long-Finned Pilot Whale,77035
77035022,656  B6:00.00  16:24.840,166600,1.360,Long-Finned Pilot Whale,77035
77035023,656  B6:00.00  16:29.793,166600,2.992,Long-Finned Pilot Whale,77035
77035024,656  B6:00.00  16:59.553,166600,1.465,Long-Finned Pilot Whale,77035
77035025,656  B6:00.00  17:01.507,166600,1.721,Long-Finned Pilot Whale,77035
77035026,656  B6:00.00  17:06.482,166600,1.821,Long-Finned Pilot Whale,77035
77035027,656  B6:00.00  17:09.680,166600,2.370,Long-Finned Pilot Whale,77035
77035028,656  B6:00.00  17:15.587,166600,2.032,Long-Finned Pilot Whale,77035
77035029,656  B6:00.00  17:20.473,166600,2.043,Long-Finned Pilot Whale,77035
7703502A,656  B6:00.00  17:22.955,166600,2.315,Long-Finned Pilot Whale,77035
7703502B,656  B6:00.00  17:35.581,166600,1.460,Long-Finned Pilot Whale,77035
7703502C,656  B6:00.00  17:38.551,166600,1.493,Long-Finned Pilot Whale,77035
7703502D,656  B6:00.00  17:45.864,166600,1.443,Long-Finned Pilot Whale,77035
64005001,0  B24:59.904  1:51.102,55000,1.536,Pantropical Spotted Dolphin,64005
64005002,0  B24:59.904  1:52.945,55000,1.491,Pantropical Spotted Dolphin,64005
64005003,0  B24:59.904  1:56.017,55000,1.548,Pantropical Spotted Dolphin,64005
64005004,0  B24:59.904  2:05.592,55000,3.027,Pantropical Spotted Dolphin,64005
64005005,0  B24:59.904  2:28.996,55000,2.900,Pantropical Spotted Dolphin,64005
64005006,0  B24:59.904  2:37.906,55000,2.480,Pantropical Spotted Dolphin,64005
64005007,0  B24:59.904  3:26.969,55000,1.205,Pantropical Spotted Dolphin,64005
64005008,0  B24:59.904  3:29.851,55000,2.410,Pantropical Spotted Dolphin,64005
64005009,0  B24:59.904  3:34.724,55000,1.676,Pantropical Spotted Dolphin,64005
6400500A,0  B24:59.904  3:42.361,55000,2.775,Pantropical Spotted Dolphin,64005
6400500B,0  B24:59.904  3:53.475,55000,2.835,Pantropical Spotted Dolphin,64005
6400500C,0  B24:59.904  3:29.764,55000,3.213,Pantropical Spotted Dolphin,64005
6400500D,0  B24:59.904  3:35.000,55000,1.237,Pantropical Spotted Dolphin,64005
6400500E,0  B24:59.904  3:42.331,55000,3.003,Pantropical Spotted Dolphin,64005
6400500F,0  B24:59.904  4:47.819,55000,1.500,Pantropical Spotted Dolphin,64005
6400500G,0  B24:59.904  4:55.206,55000,4.188,Pantropical Spotted Dolphin,64005
6400500H,0  B24:59.904  5:09.771,55000,2.767,Pantropical Spotted Dolphin,64005
6400500I,0  B24:59.904  5:13.107,55000,2.913,Pantropical Spotted Dolphin,64005
6400500J,0  B24:59.904  5:17.527,55000,1.840,Pantropical Spotted Dolphin,64005
6400500K,0  B24:59.904  5:23.115,55000,3.336,Pantropical Spotted Dolphin,64005
6400500L,0  B24:59.904  5:26.451,55000,2.168,Pantropical Spotted Dolphin,64005
6400500M,0  B24:59.904  5:29.245,55000,1.522,Pantropical Spotted Dolphin,64005
6400500N,0  B24:59.904  5:31.789,55000,1.714,Pantropical Spotted Dolphin,64005
6400500O,0  B24:59.904  5:57.134,55000,3.229,Pantropical Spotted Dolphin,64005
6400500P,0  B24:59.904  6:03.029,55000,3.402,Pantropical Spotted Dolphin,64005
6400500Q,0  B24:59.904  6:06.432,55000,3.190,Pantropical Spotted Dolphin,64005
6400500R,0  B24:59.904  6:11.550,55000,2.357,Pantropical Spotted Dolphin,64005
6400500S,0  B24:59.904  6:14.656,55000,1.966,Pantropical Spotted Dolphin,64005
6400500T,0  B24:59.904  6:19.126,55000,2.682,Pantropical Spotted Dolphin,64005
6400500U,0  B24:59.904  6:21.553,55000,3.379,Pantropical Spotted Dolphin,64005
6400500V,0  B24:59.904  6:24.932,55000,3.522,Pantropical Spotted Dolphin,64005
6400500W,0  B24:59.904  6:29.026,55000,3.903,Pantropical Spotted Dolphin,64005
6400500X,0  B24:59.904  6:43.869,55000,2.396,Pantropical Spotted Dolphin,64005
6400500Y,0  B15:00  5:04.897,55500,1.532,Pantropical Spotted Dolphin,64005
6400500Z,0  B24:59.904  6:58.021,55000,2.706,Pantropical Spotted Dolphin,64005
64005010,0  B15:00  5:09.161,55500,2.782,Pantropical Spotted Dolphin,64005
64005011,0  B24:59.904  7:02.233,55000,1.459,Pantropical Spotted Dolphin,64005
64005012,0  B24:59.904  7:10.448,55000,1.423,Pantropical Spotted Dolphin,64005
64005013,0  B24:59.904  7:22.433,55000,3.367,Pantropical Spotted Dolphin,64005
64005014,0  B24:59.904  7:27.633,55000,2.800,Pantropical Spotted Dolphin,64005
64005015,0  B24:59.904  3:26.969,55000,.372,Pantropical Spotted Dolphin,64005
64005016,0  B24:59.904  4:55.206,55000,.800,Pantropical Spotted Dolphin,64005
64005017,0  B24:59.904  4:55.206,55000,.708,Pantropical Spotted Dolphin,64005
64005018,0  B24:59.904  5:09.771,55000,.679,Pantropical Spotted Dolphin,64005
64005019,0  B24:59.904  6:06.432,55000,.751,Pantropical Spotted Dolphin,64005
6400501A,0  B24:59.904  6:19.126,55000,.888,Pantropical Spotted Dolphin,64005
6400501B,0  B24:59.904  6:19.126,55000,.753,Pantropical Spotted Dolphin,64005
6400501C,0  B24:59.904  6:24.932,55000,.920,Pantropical Spotted Dolphin,64005
6400501D,0  B24:59.904  6:24.932,55000,.788,Pantropical Spotted Dolphin,64005
6400501E,0  B15:00  5:48.706,55500,1.806,Pantropical Spotted Dolphin,64005
6400501F,0  B15:00  5:50.289,55500,1.806,Pantropical Spotted Dolphin,64005
6400501G,0  B15:00  5:51.884,55500,1.302,Pantropical Spotted Dolphin,64005
6400501H,0  B15:00  5:52.966,55500,1.737,Pantropical Spotted Dolphin,64005
6400501I,0  B15:00  5:54.684,55500,2.972,Pantropical Spotted Dolphin,64005
6400501J,0  B15:00  5:57.437,55500,2.256,Pantropical Spotted Dolphin,64005
6400501K,0  B15:00  5:59.425,55500,1.667,Pantropical Spotted Dolphin,64005
6400501L,0  B15:00  6:00.603,55500,2.768,Pantropical Spotted Dolphin,64005
6400501M,0  B15:00  6:03.276,55500,3.181,Pantropical Spotted Dolphin,64005
6400501N,0  B15:00  6:06.044,55500,1.734,Pantropical Spotted Dolphin,64005
6400501O,0  B15:00  6:07.349,55500,1.559,Pantropical Spotted Dolphin,64005
6400501P,0  B15:00  6:12.615,55500,1.097,Pantropical Spotted Dolphin,64005
6400501Q,0  B15:00  6:13.506,55500,1.559,Pantropical Spotted Dolphin,64005
6400501R,0  B15:00  6:14.572,55500,1.559,Pantropical Spotted Dolphin,64005
6400501S,0  B15:00  6:15.654,55500,1.511,Pantropical Spotted Dolphin,64005
6400501U,0  B15:00  6:16.719,55500,1.463,Pantropical Spotted Dolphin,64005
6400501V,0  B15:00  6:17.722,55500,1.622,Pantropical Spotted Dolphin,64005
6400501W,0  B15:00  6:18.947,55500,1.861,Pantropical Spotted Dolphin,64005
6400501X,0  B15:00  6:20.570,55500,1.622,Pantropical Spotted Dolphin,64005
6400501Y,0  B15:00  6:22.049,55500,1.394,Pantropical Spotted Dolphin,64005
6400501Z,0  B15:00  6:22.940,55500,3.897,Pantropical Spotted Dolphin,64005
64005020,0  B15:00  6:26.122,55500,2.093,Pantropical Spotted Dolphin,64005
64005021,0  B15:00  6:32.263,55500,2.275,Pantropical Spotted Dolphin,64005
64005022,0  B15:00  6:35.414,55500,3.627,Pantropical Spotted Dolphin,64005
64005023,0  B15:00  6:44.960,55500,1.781,Pantropical Spotted Dolphin,64005
64005024,0  B15:00  6:49.478,55500,3.064,Pantropical Spotted Dolphin,64005
64005025,0  B15:00  6:51.911,55500,2.199,Pantropical Spotted Dolphin,64005
64005026,0  B15:00  6:53.792,55500,1.777,Pantropical Spotted Dolphin,64005
64005027,0  B15:00  7:00.003,55500,3.669,Pantropical Spotted Dolphin,64005
64005028,0  B15:00  7:10.201,55500,1.358,Pantropical Spotted Dolphin,64005
64005029,0  B15:00  7:11.221,55500,1.430,Pantropical Spotted Dolphin,64005
6400502A,0  B15:00  7:12.169,55500,2.611,Pantropical Spotted Dolphin,64005
6400502B,0  B15:00  7:14.002,55500,2.998,Pantropical Spotted Dolphin,64005
6400502C,0  B15:00  7:19.016,55500,3.728,Pantropical Spotted Dolphin,64005
6400502D,0  B15:00  7:50.335,55500,2.243,Pantropical Spotted Dolphin,64005
6400502E,0  B15:00  7:52.225,55500,4.763,Pantropical Spotted Dolphin,64005
6400502F,0  B15:00  7:56.540,55500,2.070,Pantropical Spotted Dolphin,64005
6400502G,0  B15:00  7:58.472,55500,2.125,Pantropical Spotted Dolphin,64005
6400502H,0  B15:00  8:00.488,55500,0.976,Pantropical Spotted Dolphin,64005
6400502I,0  B15:00  8:01.165,55500,3.670,Pantropical Spotted Dolphin,64005
6400502J,0  B15:00  8:04.620,55500,2.195,Pantropical Spotted Dolphin,64005
6400502K,0  B15:00  8:06.604,55500,1.547,Pantropical Spotted Dolphin,64005
6400502L,0  B15:00  8:07.779,55500,4.629,Pantropical Spotted Dolphin,64005
6400502M,0  B15:00  8:12.387,55500,5.313,Pantropical Spotted Dolphin,64005
6400502N,0  B15:00  8:17.619,55500,4.294,Pantropical Spotted Dolphin,64005
6400502O,0  B15:00  8:21.375,55500,7.048,Pantropical Spotted Dolphin,64005
6400502P,0  B15:00  8:28.123,55500,2.382,Pantropical Spotted Dolphin,64005
6400502Q,0  B15:00  8:31.042,55500,3.110,Pantropical Spotted Dolphin,64005
6400502R,0  B15:00  8:33.880,55500,1.842,Pantropical Spotted Dolphin,64005
6400502S,0  B15:00  8:35.356,55500,2.512,Pantropical Spotted Dolphin,64005
6400502T,0  B15:00  8:37.894,55500,2.405,Pantropical Spotted Dolphin,64005
6400502U,0  B15:00  8:40.249,55500,3.851,Pantropical Spotted Dolphin,64005
6400502V,0  B15:00  8:48.400,55500,4.108,Pantropical Spotted Dolphin,64005
6400502W,0  B15:00  8:52.826,55500,5.129,Pantropical Spotted Dolphin,64005
6400502X,0  B15:00  8:58.205,55500,1.753,Pantropical Spotted Dolphin,64005
6400502Y,0  B15:00  8:59.608,55500,1.522,Pantropical Spotted Dolphin,64005
6400502Z,0  B15:00  9:00.760,55500,1.839,Pantropical Spotted Dolphin,64005
64005030,0  B15:00  9:02.130,55500,1.405,Pantropical Spotted Dolphin,64005
64005031,0  B15:00  9:03.355,55500,2.458,Pantropical Spotted Dolphin,64005
64005032,0  B15:00  9:05.493,55500,2.027,Pantropical Spotted Dolphin,64005
64005033,0  B15:00  9:07.330,55500,3.332,Pantropical Spotted Dolphin,64005
64005034,0  B15:00  9:10.448,55500,3.010,Pantropical Spotted Dolphin,64005
64005035,0  B15:00  9:13.323,55500,3.748,Pantropical Spotted Dolphin,64005
64005036,0  B15:00  9:23.372,55500,3.243,Pantropical Spotted Dolphin,64005
64005037,0  B15:00  9:29.188,55500,2.806,Pantropical Spotted Dolphin,64005
64005038,0  B15:00  9:35.335,55500,2.672,Pantropical Spotted Dolphin,64005
64005039,0  B15:00  9:39.711,55500,4.292,Pantropical Spotted Dolphin,64005
6400503A,0  B15:00  9:43.719,55500,1.456,Pantropical Spotted Dolphin,64005
6400503B,0  B15:00  9:45.176,55500,4.977,Pantropical Spotted Dolphin,64005
6400503C,0  B15:00  10:03.763,55500,1.625,Pantropical Spotted Dolphin,64005
6400503D,0  B15:00  10:57.002,55500,1.813,Pantropical Spotted Dolphin,64005
6400503E,0  B15:00  10:58.680,55500,2.527,Pantropical Spotted Dolphin,64005
6400503F,0  B15:00  11:00.810,55500,2.907,Pantropical Spotted Dolphin,64005
6400503G,0  B15:00  11:03.105,55500,4.908,Pantropical Spotted Dolphin,64005
6400503H,0  B15:00  11:09.068,55500,1.815,Pantropical Spotted Dolphin,64005
6400503I,0  B15:00  11:10.390,55500,3.867,Pantropical Spotted Dolphin,64005
6400503J,0  B15:00  11:16.713,55500,3.086,Pantropical Spotted Dolphin,64005
6400503K,0  B15:00  11:19.946,55500,1.422,Pantropical Spotted Dolphin,64005
6400503L,0  B15:00  11:21.158,55500,3.458,Pantropical Spotted Dolphin,64005
6400503M,0  B15:00  11:24.487,55500,2.283,Pantropical Spotted Dolphin,64005
6400503N,0  B15:00  11:26.723,55500,4.095,Pantropical Spotted Dolphin,64005
6400503O,0  B15:00  11:32.633,55500,1.810,Pantropical Spotted Dolphin,64005
6400503P,0  B15:00  11:34.217,55500,1.874,Pantropical Spotted Dolphin,64005
6400503Q,0  B15:00  11:35.639,55500,2.359,Pantropical Spotted Dolphin,64005
6400503R,0  B15:00  11:37.788,55500,2.909,Pantropical Spotted Dolphin,64005
6400503S,0  B15:00  11:42.443,55500,1.750,Pantropical Spotted Dolphin,64005
6400503T,0  B15:00  11:43.817,55500,2.979,Pantropical Spotted Dolphin,64005
6400503U,0  B15:00  11:47.340,55500,2.214,Pantropical Spotted Dolphin,64005
6400503V,0  B15:00  11:49.280,55500,2.391,Pantropical Spotted Dolphin,64005
6400503W,0  B15:00  11:51.672,55500,7.240,Pantropical Spotted Dolphin,64005
6400503X,0  B15:00  11:58.961,55500,1.600,Pantropical Spotted Dolphin,64005
6400503Y,0  B15:00  12:00.157,55500,3.070,Pantropical Spotted Dolphin,64005
6400503Z,0  B15:00  12:03.131,55500,4.907,Pantropical Spotted Dolphin,64005
64005040,0  B15:00  12:07.783,55500,2.445,Pantropical Spotted Dolphin,64005
64005041,0  B15:00  12:10.067,55500,1.433,Pantropical Spotted Dolphin,64005
64005042,0  B15:00  12:11.279,55500,1.514,Pantropical Spotted Dolphin,64005
64005043,0  B15:00  12:12.569,55500,2.715,Pantropical Spotted Dolphin,64005
64005044,0  B15:00  12:16.707,55500,2.860,Pantropical Spotted Dolphin,64005
64005045,0  B15:00  12:26.663,55500,1.810,Pantropical Spotted Dolphin,64005
64005046,0  B15:00  12:38.899,55500,2.185,Pantropical Spotted Dolphin,64005
64005047,0  B15:00  12:40.552,55500,2.613,Pantropical Spotted Dolphin,64005
64005048,0  B15:00  12:44.375,55500,3.921,Pantropical Spotted Dolphin,64005
64005049,0  B15:00  12:48.499,55500,1.554,Pantropical Spotted Dolphin,64005
6400504A,0  B15:00  12:51.228,55500,4.888,Pantropical Spotted Dolphin,64005
6400504B,0  B15:00  13:12.480,55500,2.030,Pantropical Spotted Dolphin,64005
6400504C,0  B15:00  13:33.886,55500,4.852,Pantropical Spotted Dolphin,64005
6400504D,1:30.347-4:20.922,192000,2:50.575,Pantropical Spotted Dolphin,64005
6400504E,1:36.403-1:56.301,192000,19.898,Pantropical Spotted Dolphin,64005
6400504F,1:54.859-2:02.789,192000,7.903,Pantropical Spotted Dolphin,64005
6400504G,4:51.195-7:30.814,192000,2:39.618,Pantropical Spotted Dolphin,64005
6400504H,9:35.920-9:57.490,192000,21.570,Pantropical Spotted Dolphin,64005
6400504I,7:52.384-10:03.961,192000,2:11.577,Pantropical Spotted Dolphin,64005
6400504J,11:02.201-13:05.150,192000,2:02.949,Pantropical Spotted Dolphin,64005
6400504K,14:22.802-14:43.294,192000,20.491,Pantropical Spotted Dolphin,64005
6400504L,17:12.127-17:53.311,192000,40.983,Pantropical Spotted Dolphin,64005
6400504M,18:01.738-18:39.486,192000,37.747,Pantropical Spotted Dolphin,64005
6400504N,2:05.148-2:27.738,192000,22.590,Pantropical Spotted Dolphin,64005
84021003,53  B47.5  24.40,40960,3.781,Sperm Whale,84021
90027001,402  B12:00  2:07.503,166600,1.977,Pantropical Spotted Dolphin,90027
90027002,402  B12:00  2:13.804,166600,1.832,Pantropical Spotted Dolphin,90027
90027003,402  B12:00  2:27.778,166600,1.852,Pantropical Spotted Dolphin,90027
90027004,402  B12:00  2:45.448,166600,2.562,Pantropical Spotted Dolphin,90027
90027005,402  B12:00  2:58.213,166600,2.534,Sperm Whale,90027
90027006,402  B12:00  3:00.655,166600,2.395,Sperm Whale,90027
90027007,402  B12:00  3:03.050,166600,1.847,Pantropical Spotted Dolphin,90027
90027008,402  B12:00  3:05.620,166600,2.064,Pantropical Spotted Dolphin,90027
90027009,402  B12:00  3:06.985,166600,1.809,Pantropical Spotted Dolphin,90027
9002700A,402  B12:00  3:09.593,166600,2.224,Pantropical Spotted Dolphin,90027
9002700B,402  B12:00  3:11.818,166600,1.988,Pantropical Spotted Dolphin,90027
9002700C,402  B12:00  3:17.496,166600,2.182,Pantropical Spotted Dolphin,90027
9002700D,402  B12:00  3:19.682,166600,2.185,Pantropical Spotted Dolphin,90027
9002700E,402  B12:00  3:21.868,166600,2.185,Pantropical Spotted Dolphin,90027
9002700F,402  B12:00  3:24.053,166600,2.165,Pantropical Spotted Dolphin,90027
9002700G,402  B12:00  3:26.239,166600,2.185,Pantropical Spotted Dolphin,90027
9002700H,402  B12:00  3:28.425,166600,2.185,Pantropical Spotted Dolphin,90027
9002700I,402  B12:00  3:30.611,166600,1.533,Pantropical Spotted Dolphin,90027
9002700J,402  B12:00  3:32.226,166600,1.881,Pantropical Spotted Dolphin,90027
9002700K,402  B12:00  3:34.108,166600,2.185,Pantropical Spotted Dolphin,90027
9002700L,402  B12:00  3:36.987,166600,1.492,Pantropical Spotted Dolphin,90027
9002700M,402  B12:00  3:38.507,166600,2.158,Pantropical Spotted Dolphin,90027
9002700N,402  B12:00  3:40.666,166600,2.049,Pantropical Spotted Dolphin,90027
9002700O,402  B12:00  3:42.852,166600,2.185,Pantropical Spotted Dolphin,90027
9002700P,402  B12:00  3:45.037,166600,2.025,Pantropical Spotted Dolphin,90027
9002700R,402  B12:00  3:50.109,166600,1.485,Pantropical Spotted Dolphin,90027
9002700S,402  B12:00  3:54.218,166600,2.185,Pantropical Spotted Dolphin,90027
9002700T,402  B12:00  3:56.404,166600,2.185,Pantropical Spotted Dolphin,90027
9002700U,402  B12:00  3:58.590,166600,2.185,Pantropical Spotted Dolphin,90027
9002700V,402  B12:00  4:02.008,166600,1.427,Pantropical Spotted Dolphin,90027
9002700W,402  B12:00  4:04.802,166600,1.656,Pantropical Spotted Dolphin,90027
9002700Y,402  B12:00  4:09.956,166600,2.185,Pantropical Spotted Dolphin,90027
9002700Z,402  B12:00  4:12.142,166600,2.185,Pantropical Spotted Dolphin,90027
90027011,402  B12:00  4:16.513,166600,2.185,Pantropical Spotted Dolphin,90027
90027012,402  B12:00  4:18.699,166600,1.854,Pantropical Spotted Dolphin,90027
90027013,402  B12:00  4:21.759,166600,1.967,Pantropical Spotted Dolphin,90027
90027014,402  B12:00  4:24.287,166600,1.625,Sperm Whale,90027
90027015,402  B12:00  4:25.984,166600,2.114,Pantropical Spotted Dolphin,90027
90027016,402  B12:00  4:29.253,166600,1.646,Pantropical Spotted Dolphin,90027
90027018,402  B12:00  4:35.093,166600,2.185,Pantropical Spotted Dolphin,90027
90027019,402  B12:00  4:38.413,166600,1.707,Pantropical Spotted Dolphin,90027
9002701A,402  B12:00  4:40.120,166600,1.830,Pantropical Spotted Dolphin,90027
9002701C,402  B12:00  4:45.804,166600,2.144,Pantropical Spotted Dolphin,90027
9002701E,402  B12:00  4:50.175,166600,2.185,Pantropical Spotted Dolphin,90027
9002701F,402  B12:00  4:52.361,166600,2.185,Pantropical Spotted Dolphin,90027
9002701I,402  B12:00  5:00.011,166600,1.608,Pantropical Spotted Dolphin,90027
9002701J,402  B12:00  5:01.822,166600,1.687,Pantropical Spotted Dolphin,90027
9002701K,402  B12:00  5:03.509,166600,1.953,Pantropical Spotted Dolphin,90027
9002701L,402  B12:00  5:05.684,166600,1.977,Pantropical Spotted Dolphin,90027
9002701N,402  B12:00  5:10.503,166600,2.185,Pantropical Spotted Dolphin,90027
9002701O,402  B12:00  5:12.689,166600,2.185,Pantropical Spotted Dolphin,90027
9002701P,402  B12:00  5:16.187,166600,2.185,Pantropical Spotted Dolphin,90027
9002701Q,402  B12:00  5:18.372,166600,2.185,Pantropical Spotted Dolphin,90027
9002701R,402  B12:00  5:20.633,166600,2.110,Pantropical Spotted Dolphin,90027
9002701S,402  B12:00  5:22.744,166600,1.482,Pantropical Spotted Dolphin,90027
9002701T,402  B12:00  5:24.008,166600,1.577,Pantropical Spotted Dolphin,90027
9002701U,402  B12:00  5:26.241,166600,2.185,Pantropical Spotted Dolphin,90027
9002701V,402  B12:00  5:28.427,166600,2.185,Pantropical Spotted Dolphin,90027
9002701W,402  B12:00  5:30.613,166600,2.185,Pantropical Spotted Dolphin,90027
9002701X,402  B12:00  5:32.799,166600,2.185,Pantropical Spotted Dolphin,90027
9002701Y,402  B12:00  5:37.171,166600,2.185,Sperm Whale,90027
9002701Z,402  B12:00  5:39.356,166600,2.185,Pantropical Spotted Dolphin,90027
90027020,402  B12:00  5:41.542,166600,2.185,Pantropical Spotted Dolphin,90027
90027021,402  B12:00  5:43.728,166600,1.769,Pantropical Spotted Dolphin,90027
90027022,402  B12:00  5:46.030,166600,1.851,Pantropical Spotted Dolphin,90027
90027023,402  B12:00  5:47.881,166600,2.185,Pantropical Spotted Dolphin,90027
90027024,402  B12:00  5:50.067,166600,2.185,Pantropical Spotted Dolphin,90027
90027025,402  B12:00  5:52.253,166600,2.185,Sperm Whale,90027
90027026,402  B12:00  5:54.439,166600,2.185,Sperm Whale,90027
90027027,402  B12:00  5:59.736,166600,1.916,Pantropical Spotted Dolphin,90027
90027028,402  B12:00  6:01.652,166600,2.185,Pantropical Spotted Dolphin,90027
90027029,402  B12:00  6:06.679,166600,2.185,Sperm Whale,90027
9002702A,402  B12:00  6:08.865,166600,2.185,Pantropical Spotted Dolphin,90027
9002702B,402  B12:00  6:11.051,166600,2.185,Pantropical Spotted Dolphin,90027
9002702C,402  B12:00  6:15.423,166600,1.707,Sperm Whale,90027
9002702D,402  B12:00  6:20.450,166600,2.185,Pantropical Spotted Dolphin,90027
9002702F,402  B12:00  6:30.505,166600,2.185,Pantropical Spotted Dolphin,90027
9002702G,402  B12:00  6:43.620,166600,2.049,Pantropical Spotted Dolphin,90027
9002702H,402  B12:00  6:45.797,166600,2.005,Pantropical Spotted Dolphin,90027
9002702I,402  B12:00  6:51.290,166600,2.197,Pantropical Spotted Dolphin,90027
9002702J,402  B12:00  6:57.285,166600,1.915,Pantropical Spotted Dolphin,90027
9002702K,402  B12:00  6:59.201,166600,2.197,Pantropical Spotted Dolphin,90027
9002702L,402  B12:00  7:03.596,166600,2.197,Pantropical Spotted Dolphin,90027
9002702M,402  B12:00  7:05.793,166600,2.197,Pantropical Spotted Dolphin,90027
9002702N,402  B12:00  7:07.990,166600,1.908,Pantropical Spotted Dolphin,90027
9002702O,402  B12:00  7:09.968,166600,2.173,Pantropical Spotted Dolphin,90027
9002702P,402  B12:00  7:13.240,166600,1.781,Pantropical Spotted Dolphin,90027
9002702Q,402  B12:00  7:15.022,166600,2.197,Pantropical Spotted Dolphin,90027
9002702R,402  B12:00  7:17.219,166600,2.197,Pantropical Spotted Dolphin,90027
9002702S,402  B12:00  7:19.417,166600,2.197,Pantropical Spotted Dolphin,90027
9002702T,402  B12:00  7:21.614,166600,2.197,Pantropical Spotted Dolphin,90027
9002702U,402  B12:00  7:24.608,166600,2.060,Pantropical Spotted Dolphin,90027
9002702V,402  B12:00  7:27.203,166600,1.661,Pantropical Spotted Dolphin,90027
9002702W,402  B12:00  7:28.865,166600,2.197,Pantropical Spotted Dolphin,90027
9002702X,402  B12:00  7:29.028,166600,2.304,Pantropical Spotted Dolphin,90027
9002702Y,402  B12:00  7:32.291,166600,2.038,Pantropical Spotted Dolphin,90027
9002702Z,402  B12:00  7:37.304,166600,1.941,Pantropical Spotted Dolphin,90027
90027030,402  B12:00  7:46.776,166600,1.980,Pantropical Spotted Dolphin,90027
90027031,402  B12:00  7:49.664,166600,1.721,Pantropical Spotted Dolphin,90027
90027032,402  B12:00  7:52.797,166600,2.276,Pantropical Spotted Dolphin,90027
90027033,402  B12:00  7:55.073,166600,2.063,Pantropical Spotted Dolphin,90027
90027034,402  B12:00  8:02.449,166600,1.941,Pantropical Spotted Dolphin,90027
90027035,402  B12:00  8:09.133,166600,2.276,Pantropical Spotted Dolphin,90027
90027036,402  B12:00  8:12.515,166600,1.458,Pantropical Spotted Dolphin,90027
90027037,402  B12:00  8:15.292,166600,1.743,Pantropical Spotted Dolphin,90027
90027038,402  B12:00  8:16.509,166600,2.081,Pantropical Spotted Dolphin,90027
90027039,402  B12:00  8:18.814,166600,1.689,Pantropical Spotted Dolphin,90027
9002703A,402  B12:00  8:20.618,166600,1.883,Pantropical Spotted Dolphin,90027
9002703B,402  B12:00  8:24.605,166600,2.276,Pantropical Spotted Dolphin,90027
9002703C,402  B12:00  8:33.036,166600,1.912,Pantropical Spotted Dolphin,90027
9002703D,402  B12:00  8:40.459,166600,2.099,Pantropical Spotted Dolphin,90027
9002703E,402  B12:00  8:47.625,166600,2.304,Pantropical Spotted Dolphin,90027
9002703F,402  B12:00  8:52.235,166600,2.304,Pantropical Spotted Dolphin,90027
9002703G,402  B12:00  8:54.540,166600,2.157,Pantropical Spotted Dolphin,90027
9002703H,402  B12:00  8:57.202,166600,1.948,Pantropical Spotted Dolphin,90027
9002703I,402  B12:00  8:59.692,166600,1.757,Pantropical Spotted Dolphin,90027
9002703J,402  B12:00  9:01.455,166600,2.009,Pantropical Spotted Dolphin,90027
9002703K,402  B12:00  9:06.713,166600,1.426,Pantropical Spotted Dolphin,90027
9002703L,402  B12:00  9:10.444,166600,2.304,Pantropical Spotted Dolphin,90027
9002703M,402  B12:00  9:13.151,166600,2.422,Pantropical Spotted Dolphin,90027
9002703N,402  B12:00  9:23.108,166600,1.701,Pantropical Spotted Dolphin,90027
9002703O,402  B12:00  9:25.119,166600,2.447,Pantropical Spotted Dolphin,90027
9002703P,402  B12:00  9:27.566,166600,2.447,Pantropical Spotted Dolphin,90027
9002703Q,402  B12:00  9:31.248,166600,1.946,Pantropical Spotted Dolphin,90027
9002703R,402  B12:00  9:36.375,166600,2.447,Pantropical Spotted Dolphin,90027
9002703S,402  B12:00  9:42.248,166600,2.202,Pantropical Spotted Dolphin,90027
9002703T,402  B12:00  9:47.632,166600,2.297,Pantropical Spotted Dolphin,90027
9002703U,402  B12:00  9:52.924,166600,2.301,Pantropical Spotted Dolphin,90027
9002703V,402  B12:00  10:15.705,166600,2.301,Pantropical Spotted Dolphin,90027
9002703W,402  B12:00  10:21.688,166600,2.301,Pantropical Spotted Dolphin,90027
9002703X,402  B12:00  10:26.290,166600,2.301,Pantropical Spotted Dolphin,90027
9002703Y,402  B12:00  10:28.591,166600,2.301,Pantropical Spotted Dolphin,90027
9002703Z,402  B12:00  10:33.193,166600,2.301,Pantropical Spotted Dolphin,90027
90027040,402  B12:00  10:35.494,166600,2.301,Pantropical Spotted Dolphin,90027
90027041,402  B12:00  10:38.950,166600,1.837,Pantropical Spotted Dolphin,90027
90027042,402  B12:00  10:40.787,166600,2.301,Pantropical Spotted Dolphin,90027
90027043,402  B12:00  10:43.088,166600,2.301,Pantropical Spotted Dolphin,90027
90027044,402  B12:00  10:45.389,166600,2.301,Pantropical Spotted Dolphin,90027
90027045,402  B12:00  10:47.690,166600,2.301,Pantropical Spotted Dolphin,90027
90027046,402  B12:00  10:53.673,166600,2.301,Pantropical Spotted Dolphin,90027
90027047,402  B12:00  10:57.150,166600,1.815,Pantropical Spotted Dolphin,90027
90027048,402  B12:00  10:58.965,166600,2.301,Pantropical Spotted Dolphin,90027
9002704A,402  B12:00  11:04.948,166600,2.301,Pantropical Spotted Dolphin,90027
9002704B,402  B12:00  11:07.249,166600,2.301,Pantropical Spotted Dolphin,90027
9002704C,402  B12:00  11:09.550,166600,2.301,Pantropical Spotted Dolphin,90027
9002704D,402  B12:00  11:13.232,166600,1.564,Pantropical Spotted Dolphin,90027
9002704E,402  B12:00  11:15.533,166600,2.301,Pantropical Spotted Dolphin,90027
9002704F,402  B12:00  11:17.834,166600,2.301,Pantropical Spotted Dolphin,90027
9002704G,402  B12:00  11:21.304,166600,1.822,Pantropical Spotted Dolphin,90027
9002704H,402  B12:00  11:23.127,166600,2.301,Pantropical Spotted Dolphin,90027
9002704I,402  B12:00  11:25.428,166600,2.301,Pantropical Spotted Dolphin,90027
9002704J,402  B12:00  11:27.729,166600,2.301,Pantropical Spotted Dolphin,90027
9002704K,402  B12:00  11:30.030,166600,1.556,Pantropical Spotted Dolphin,90027
9002704L,402  B12:00  11:31.623,166600,2.088,Pantropical Spotted Dolphin,90027
9002704M,402  B12:00  11:33.712,166600,2.301,Pantropical Spotted Dolphin,90027
9002704N,402  B12:00  11:36.013,166600,2.301,Pantropical Spotted Dolphin,90027
9002704O,402  B12:00  11:40.615,166600,2.301,Pantropical Spotted Dolphin,90027
9002704P,402  B12:00  11:42.916,166600,2.301,Pantropical Spotted Dolphin,90027
9002704Q,402  B12:00  11:45.217,166600,1.880,Pantropical Spotted Dolphin,90027
9002704R,402  B12:00  11:47.518,166600,2.301,Pantropical Spotted Dolphin,90027
9002704S,402  B12:00  11:51.200,166600,2.301,Pantropical Spotted Dolphin,90027
9002704T,402  B12:00  11:54.191,166600,2.301,Pantropical Spotted Dolphin,90027
9002704U,402  B12:00  11:57.183,166600,2.301,Pantropical Spotted Dolphin,90027
9002704V,402  B12:00  11:57.940,166600,2.301,Pantropical Spotted Dolphin,90027
9002704W,938  B12:00  12:00.261,166600,2.502,Pantropical Spotted Dolphin,90027
9002704X,938  B12:00  12:02.767,166600,2.650,Pantropical Spotted Dolphin,90027
9002704Y,938  B12:00  12:05.418,166600,2.484,Pantropical Spotted Dolphin,90027
9002704Z,938  B12:00  12:08.068,166600,2.650,Pantropical Spotted Dolphin,90027
90027050,938  B12:00  12:13.324,166600,2.650,Pantropical Spotted Dolphin,90027
90027051,938  B12:00  12:17.221,166600,1.979,Pantropical Spotted Dolphin,90027
90027052,938  B12:00  12:19.201,166600,2.650,Pantropical Spotted Dolphin,90027
90027053,938  B12:00  12:24.502,166600,2.650,Pantropical Spotted Dolphin,90027
90027054,938  B12:00  12:27.153,166600,2.650,Pantropical Spotted Dolphin,90027
90027055,938  B12:00  12:29.804,166600,2.605,Pantropical Spotted Dolphin,90027
90027056,938  B12:00  12:35.105,166600,2.650,Pantropical Spotted Dolphin,90027
90027057,938  B12:00  12:38.389,166600,2.016,Pantropical Spotted Dolphin,90027
90027058,938  B12:00  12:53.394,166600,2.650,Pantropical Spotted Dolphin,90027
90027059,938  B12:00  12:57.379,166600,2.112,Pantropical Spotted Dolphin,90027
9002705A,938  B12:00  13:03.732,166600,1.565,Pantropical Spotted Dolphin,90027
9002705B,938  B12:00  13:10.624,166600,2.650,Pantropical Spotted Dolphin,90027
9002705C,938  B12:00  13:13.274,166600,2.650,Pantropical Spotted Dolphin,90027
9002705D,938  B12:00  13:18.576,166600,2.323,Pantropical Spotted Dolphin,90027
9002705E,938  B12:00  13:21.226,166600,2.650,Pantropical Spotted Dolphin,90027
9002705F,938  B12:00  13:23.877,166600,2.650,Pantropical Spotted Dolphin,90027
9002705G,938  B12:00  13:26.528,166600,2.290,Pantropical Spotted Dolphin,90027
9002705H,938  B12:00  13:29.178,166600,2.087,Pantropical Spotted Dolphin,90027
9002705I,938  B12:00  13:31.071,166600,2.348,Pantropical Spotted Dolphin,90027
9002705K,938  B12:00  13:36.070,166600,2.650,Pantropical Spotted Dolphin,90027
9002705L,938  B12:00  13:41.371,166600,2.650,Pantropical Spotted Dolphin,90027
9002705M,938  B12:00  13:45.612,166600,2.650,Pantropical Spotted Dolphin,90027
9002705N,938  B12:00  13:52.504,166600,2.650,Pantropical Spotted Dolphin,90027
9002705O,938  B12:00  13:55.155,166600,2.016,Pantropical Spotted Dolphin,90027
9002705P,938  B12:00  13:57.805,166600,2.650,Pantropical Spotted Dolphin,90027
9002705Q,938  B12:00  14:00.456,166600,2.650,Pantropical Spotted Dolphin,90027
9002705R,938  B12:00  14:03.107,166600,2.650,Pantropical Spotted Dolphin,90027
9002705S,938  B12:00  14:05.757,166600,2.650,Pantropical Spotted Dolphin,90027
9002705T,938  B12:00  14:08.408,166600,2.650,Pantropical Spotted Dolphin,90027
9002705U,938  B12:00  14:11.059,166600,2.650,Pantropical Spotted Dolphin,90027
9002705V,938  B12:00  14:13.709,166600,2.650,Pantropical Spotted Dolphin,90027
9002705W,938  B12:00  14:19.011,166600,2.650,Pantropical Spotted Dolphin,90027
9002705X,938  B12:00  14:25.753,166600,2.004,Pantropical Spotted Dolphin,90027
9002705Y,938  B12:00  14:27.758,166600,2.650,Pantropical Spotted Dolphin,90027
9002705Z,938  B12:00  14:30.409,166600,2.650,Pantropical Spotted Dolphin,90027
90027060,938  B12:00  14:33.059,166600,2.650,Pantropical Spotted Dolphin,90027
90027061,938  B12:00  14:35.710,166600,2.650,Pantropical Spotted Dolphin,90027
90027062,938  B12:00  14:38.360,166600,2.650,Pantropical Spotted Dolphin,90027
90027063,938  B12:00  14:47.108,166600,2.650,Pantropical Spotted Dolphin,90027
90027064,938  B12:00  14:49.758,166600,2.650,Pantropical Spotted Dolphin,90027
90027065,938  B12:00  14:52.409,166600,2.650,Pantropical Spotted Dolphin,90027
90027066,938  B12:00  14:55.060,166600,2.650,Pantropical Spotted Dolphin,90027
90027067,938  B12:00  14:57.710,166600,2.650,Pantropical Spotted Dolphin,90027
90027068,938  B12:00  15:00.361,166600,2.650,Pantropical Spotted Dolphin,90027
90027069,938  B12:00  15:07.795,166600,1.814,Pantropical Spotted Dolphin,90027
9002706A,938  B12:00  15:16.530,166600,2.650,Pantropical Spotted Dolphin,90027
9002706B,938  B12:00  15:19.181,166600,2.650,Pantropical Spotted Dolphin,90027
9002706C,938  B12:00  15:21.831,166600,2.650,Pantropical Spotted Dolphin,90027
9002706D,938  B12:00  15:27.133,166600,2.650,Pantropical Spotted Dolphin,90027
9002706E,938  B12:00  15:35.880,166600,2.650,Pantropical Spotted Dolphin,90027
9002706F,938  B12:00  15:38.530,166600,2.650,Pantropical Spotted Dolphin,90027
9002706G,938  B12:00  15:41.181,166600,2.650,Pantropical Spotted Dolphin,90027
9002706H,938  B12:00  15:43.832,166600,2.650,Pantropical Spotted Dolphin,90027
9002706I,938  B12:00  15:49.133,166600,2.650,Pantropical Spotted Dolphin,90027
9002706J,938  B12:00  15:53.374,166600,2.650,Pantropical Spotted Dolphin,90027
9002706K,938  B12:00  15:55.660,166600,1.954,Pantropical Spotted Dolphin,90027
9002706L,938  B12:00  16:00.266,166600,2.650,Pantropical Spotted Dolphin,90027
9002706M,938  B12:00  16:05.306,166600,2.595,Pantropical Spotted Dolphin,90027
9002706N,938  B12:00  16:10.861,166600,2.777,Pantropical Spotted Dolphin,90027
9002706O,938  B12:00  16:14.471,166600,2.616,Pantropical Spotted Dolphin,90027
9002706P,938  B12:00  16:17.249,166600,2.182,Pantropical Spotted Dolphin,90027
9002706Q,938  B12:00  16:20.026,166600,2.777,Pantropical Spotted Dolphin,90027
9002706R,938  B12:00  16:22.804,166600,2.777,Pantropical Spotted Dolphin,90027
9002706S,938  B12:00  16:25.581,166600,2.074,Pantropical Spotted Dolphin,90027
9002706T,938  B12:00  16:27.248,166600,2.464,Pantropical Spotted Dolphin,90027
9002706U,938  B12:00  16:30.025,166600,2.777,Pantropical Spotted Dolphin,90027
9002706V,938  B12:00  16:32.802,166600,2.777,Pantropical Spotted Dolphin,90027
9002706W,938  B12:00  16:35.580,166600,2.777,Pantropical Spotted Dolphin,90027
9002706X,938  B12:00  16:38.357,166600,2.530,Pantropical Spotted Dolphin,90027
9002706Y,938  B12:00  16:40.857,166600,2.143,Pantropical Spotted Dolphin,90027
9002706Z,938  B12:00  16:43.634,166600,2.777,Pantropical Spotted Dolphin,90027
90027070,938  B12:00  16:46.412,166600,2.777,Pantropical Spotted Dolphin,90027
90027071,938  B12:00  16:49.189,166600,2.647,Pantropical Spotted Dolphin,90027
90027072,938  B12:00  16:57.522,166600,2.777,Pantropical Spotted Dolphin,90027
90027073,938  B12:00  17:03.076,166600,2.777,Pantropical Spotted Dolphin,90027
90027074,938  B12:00  17:08.154,166600,2.143,Pantropical Spotted Dolphin,90027
90027075,938  B12:00  17:15.857,166600,2.495,Pantropical Spotted Dolphin,90027
90027076,938  B12:00  17:20.991,166600,1.805,Pantropical Spotted Dolphin,90027
90027077,938  B12:00  17:22.796,166600,2.009,Pantropical Spotted Dolphin,90027
90027078,938  B12:00  17:25.061,166600,2.178,Pantropical Spotted Dolphin,90027
90027079,938  B12:00  17:40.016,166600,2.777,Pantropical Spotted Dolphin,90027
9002707A,938  B12:00  17:42.794,166600,2.777,Pantropical Spotted Dolphin,90027
9002707B,938  B12:00  17:45.571,166600,2.777,Pantropical Spotted Dolphin,90027
9002707C,938  B12:00  17:48.348,166600,2.777,Pantropical Spotted Dolphin,90027
9002707D,938  B12:00  17:51.126,166600,2.004,Pantropical Spotted Dolphin,90027
9002707E,938  B12:00  17:58.347,166600,2.777,Pantropical Spotted Dolphin,90027
9002707F,938  B12:00  18:01.125,166600,2.777,Pantropical Spotted Dolphin,90027
9002707G,938  B12:00  18:03.902,166600,2.122,Pantropical Spotted Dolphin,90027
9002707H,938  B12:00  18:07.513,166600,2.777,Pantropical Spotted Dolphin,90027
9002707I,938  B12:00  18:10.290,166600,2.777,Pantropical Spotted Dolphin,90027
9002707J,938  B12:00  18:13.068,166600,2.777,Pantropical Spotted Dolphin,90027
9002707K,938  B12:00  18:15.845,166600,2.777,Pantropical Spotted Dolphin,90027
9002707L,938  B12:00  18:18.622,166600,2.777,Pantropical Spotted Dolphin,90027
9002707M,938  B12:00  18:21.400,166600,2.777,Pantropical Spotted Dolphin,90027
9002707N,938  B12:00  18:24.177,166600,2.777,Pantropical Spotted Dolphin,90027
9002707O,938  B12:00  18:26.955,166600,2.777,Pantropical Spotted Dolphin,90027
9002707P,938  B12:00  18:29.732,166600,2.777,Pantropical Spotted Dolphin,90027
9002707Q,938  B12:00  18:32.510,166600,2.777,Pantropical Spotted Dolphin,90027
9002707R,938  B12:00  18:35.287,166600,2.777,Pantropical Spotted Dolphin,90027
9002707S,938  B12:00  18:38.064,166600,2.777,Pantropical Spotted Dolphin,90027
9002707T,938  B12:00  18:40.842,166600,2.777,Pantropical Spotted Dolphin,90027
9002707U,938  B12:00  18:43.619,166600,1.991,Pantropical Spotted Dolphin,90027
9002707V,938  B12:00  18:46.397,166600,2.777,Pantropical Spotted Dolphin,90027
9002707W,938  B12:00  18:51.952,166600,2.777,Pantropical Spotted Dolphin,90027
9002707X,938  B12:00  18:54.729,166600,2.777,Pantropical Spotted Dolphin,90027
9002707Z,938  B12:00  19:03.895,166600,2.777,Pantropical Spotted Dolphin,90027
90027080,938  B12:00  19:08.338,166600,2.777,Pantropical Spotted Dolphin,90027
90027081,938  B12:00  19:11.116,166600,2.777,Pantropical Spotted Dolphin,90027
90027082,938  B12:00  19:19.448,166600,2.777,Pantropical Spotted Dolphin,90027
90027083,938  B12:00  19:22.226,166600,2.087,Pantropical Spotted Dolphin,90027
90027084,938  B12:00  19:24.413,166600,2.256,Pantropical Spotted Dolphin,90027
90027085,938  B12:00  19:26.669,166600,2.777,Pantropical Spotted Dolphin,90027
90027086,938  B12:00  19:31.443,166600,2.447,Pantropical Spotted Dolphin,90027
90027087,938  B12:00  19:33.891,166600,1.866,Pantropical Spotted Dolphin,90027
90027088,938  B12:00  19:35.557,166600,2.321,Pantropical Spotted Dolphin,90027
90027089,938  B12:00  19:37.224,166600,2.026,Pantropical Spotted Dolphin,90027
9002708A,938  B12:00  19:38.890,166600,1.983,Pantropical Spotted Dolphin,90027
9002708B,938  B12:00  19:40.557,166600,1.935,Pantropical Spotted Dolphin,90027
9002708C,938  B12:00  19:42.223,166600,1.835,Pantropical Spotted Dolphin,90027
9002708D,938  B12:00  19:43.490,166600,1.874,Pantropical Spotted Dolphin,90027
9002708E,938  B12:00  19:45.460,166600,2.039,Pantropical Spotted Dolphin,90027
9002708F,938  B12:00  19:47.500,166600,2.091,Pantropical Spotted Dolphin,90027
9002708G,938  B12:00  19:49.167,166600,1.800,Pantropical Spotted Dolphin,90027
9002708H,938  B12:00  19:51.158,166600,2.451,Pantropical Spotted Dolphin,90027
9002708I,938  B12:00  19:53.610,166600,2.777,Pantropical Spotted Dolphin,90027
9002708J,938  B12:00  19:56.774,166600,2.391,Pantropical Spotted Dolphin,90027
9002708K,938  B12:00  19:59.165,166600,2.777,Pantropical Spotted Dolphin,90027
9002708L,938  B12:00  20:02.193,166600,2.758,Pantropical Spotted Dolphin,90027
9002708M,938  B12:00  20:04.952,166600,2.758,Pantropical Spotted Dolphin,90027
9002708N,938  B12:00  20:07.710,166600,2.310,Pantropical Spotted Dolphin,90027
9002708O,938  B12:00  20:09.365,166600,2.758,Pantropical Spotted Dolphin,90027
9002708P,938  B12:00  20:12.123,166600,2.758,Pantropical Spotted Dolphin,90027
9002708Q,938  B12:00  20:23.203,166600,2.434,Pantropical Spotted Dolphin,90027
9002708R,938  B12:00  20:26.466,166600,2.758,Pantropical Spotted Dolphin,90027
9002708S,938  B12:00  20:30.051,166600,2.758,Pantropical Spotted Dolphin,90027
9002708T,938  B12:00  20:33.637,166600,2.758,Pantropical Spotted Dolphin,90027
9002708U,938  B12:00  20:36.395,166600,2.758,Pantropical Spotted Dolphin,90027
9002708V,938  B12:00  20:39.154,166600,2.353,Pantropical Spotted Dolphin,90027
9002708W,938  B12:00  20:44.179,166600,2.146,Pantropical Spotted Dolphin,90027
9002708X,938  B12:00  20:47.152,166600,2.758,Pantropical Spotted Dolphin,90027
9002708Y,938  B12:00  20:52.669,166600,2.758,Pantropical Spotted Dolphin,90027
9002708Z,938  B12:00  20:56.086,166600,2.098,Pantropical Spotted Dolphin,90027
90027090,938  B12:00  20:59.013,166600,2.758,Pantropical Spotted Dolphin,90027
90027091,938  B12:00  21:02.598,166600,2.758,Pantropical Spotted Dolphin,90027
90027092,938  B12:00  21:07.800,166600,1.969,Pantropical Spotted Dolphin,90027
90027093,938  B12:00  21:10.740,166600,2.616,Pantropical Spotted Dolphin,90027
90027094,938  B12:00  21:13.356,166600,2.758,Pantropical Spotted Dolphin,90027
90027095,938  B12:00  21:16.114,166600,2.758,Pantropical Spotted Dolphin,90027
90027096,938  B12:00  21:22.458,166600,2.758,Pantropical Spotted Dolphin,90027
90027097,938  B12:00  21:31.560,166600,2.758,Pantropical Spotted Dolphin,90027
90027098,938  B12:00  21:38.731,166600,2.758,Pantropical Spotted Dolphin,90027
90027099,938  B12:00  21:44.248,166600,2.758,Pantropical Spotted Dolphin,90027
9002709A,938  B12:00  21:47.415,166600,2.348,Pantropical Spotted Dolphin,90027
9002709B,938  B12:00  21:55.005,166600,2.340,Pantropical Spotted Dolphin,90027
9002709C,938  B12:00  21:57.763,166600,2.758,Pantropical Spotted Dolphin,90027
9002709D,938  B12:00  22:01.129,166600,2.150,Pantropical Spotted Dolphin,90027
9002709E,938  B12:00  22:06.865,166600,2.758,Pantropical Spotted Dolphin,90027
9002709F,938  B12:00  22:12.976,166600,2.715,Pantropical Spotted Dolphin,90027
9002709G,938  B12:00  22:19.277,166600,2.275,Pantropical Spotted Dolphin,90027
9002709H,938  B12:00  22:21.596,166600,2.094,Pantropical Spotted Dolphin,90027
9002709I,938  B12:00  22:26.448,166600,2.310,Pantropical Spotted Dolphin,90027
9002709J,938  B12:00  22:29.207,166600,2.758,Pantropical Spotted Dolphin,90027
9002709K,938  B12:00  22:31.965,166600,2.029,Pantropical Spotted Dolphin,90027
9002709L,938  B12:00  22:34.723,166600,2.758,Pantropical Spotted Dolphin,90027
9002709M,938  B12:00  22:38.580,166600,2.486,Pantropical Spotted Dolphin,90027
9002709N,938  B12:00  22:41.067,166600,2.129,Pantropical Spotted Dolphin,90027
9002709O,938  B12:00  22:42.722,166600,2.758,Pantropical Spotted Dolphin,90027
9002709P,938  B12:00  22:45.480,166600,2.331,Pantropical Spotted Dolphin,90027
9002709Q,938  B12:00  22:48.238,166600,2.758,Pantropical Spotted Dolphin,90027
9002709R,938  B12:00  22:51.824,166600,2.374,Pantropical Spotted Dolphin,90027
9002709S,938  B12:00  22:56.983,166600,2.012,Pantropical Spotted Dolphin,90027
9002709T,938  B12:00  22:58.995,166600,1.771,Pantropical Spotted Dolphin,90027
9002709U,938  B12:00  23:03.408,166600,2.758,Pantropical Spotted Dolphin,90027
9002709V,938  B12:00  23:06.740,166600,2.185,Pantropical Spotted Dolphin,90027
9002709W,938  B12:00  23:11.683,166600,2.758,Pantropical Spotted Dolphin,90027
9002709X,938  B12:00  23:14.441,166600,2.758,Pantropical Spotted Dolphin,90027
9002709Y,938  B12:00  23:19.406,166600,2.206,Pantropical Spotted Dolphin,90027
9002709Z,938  B12:00  23:20.785,166600,2.758,Pantropical Spotted Dolphin,90027
90027100,938  B12:00  23:23.544,166600,2.758,Pantropical Spotted Dolphin,90027
90027101,938  B12:00  23:26.302,166600,2.758,Pantropical Spotted Dolphin,90027
90027102,938  B12:00  23:29.060,166600,2.413,Pantropical Spotted Dolphin,90027
90027103,938  B12:00  23:35.313,166600,2.572,Pantropical Spotted Dolphin,90027
90027104,938  B12:00  23:39.541,166600,2.624,Pantropical Spotted Dolphin,90027
90027105,938  B12:00  23:43.127,166600,2.486,Pantropical Spotted Dolphin,90027
90027106,938  B12:00  23:45.609,166600,2.758,Pantropical Spotted Dolphin,90027
90027107,938  B12:00  23:48.923,166600,2.202,Pantropical Spotted Dolphin,90027
90027108,938  B12:00  23:51.126,166600,2.758,Pantropical Spotted Dolphin,90027
90027109,938  B12:00  23:53.884,166600,2.068,Pantropical Spotted Dolphin,90027
90028001,55  B23.7  1.209,81920,1.891,Pantropical Spotted Dolphin,90028
90028002,55  B23.7  6.559,81920,1.891,Pantropical Spotted Dolphin,90028
90028003,71  B23.7  12.18,81920,0.9453,Pantropical Spotted Dolphin,90028
90028004,71  B23.7  16.05,81920,1.891,Pantropical Spotted Dolphin,90028
90028005,84  B23.7  6.729,81920,1.891,Pantropical Spotted Dolphin,90028
90028006,98  B23.7  14.75,81920,0.9453,Pantropical Spotted Dolphin,90028
90028007,98  B23.7  0.3079,81920,1.891,Pantropical Spotted Dolphin,90028
90028008,132  B23.7  20.82,81920,1.891,Pantropical Spotted Dolphin,90028
90028009,147  B23.7  16.65,81920,0.9453,Pantropical Spotted Dolphin,90028
9002800A,160  B23.7  12.10,81920,1.891,Pantropical Spotted Dolphin,90028
9002800B,175  B23.7  18.84,81920,1.891,Pantropical Spotted Dolphin,90028
9002800C,238  B23.7  20.63,81920,1.891,Pantropical Spotted Dolphin,90028
9002800D,238  B23.7  18.00,81920,1.891,Pantropical Spotted Dolphin,90028
9002800E,436  B23.7  18.73,81920,3.781,Pantropical Spotted Dolphin,90028
9002800F,98  B23.7  0.3079,81920,0.947,Pantropical Spotted Dolphin,90028
9002800G,19:10.172-19:10.537,60600,.365,Pantropical Spotted Dolphin,90028
9002800H,19:59.155-19:59.574,60600,.419,Pantropical Spotted Dolphin,90028
90044001,4:11.899-4:14.292,60600,2.329,Pantropical Spotted Dolphin,90044
90044002,4:14.721-4:17.101,60600,2.379,Pantropical Spotted Dolphin,90044
90044003,4:20.169-4:21.156,60600,.986,Pantropical Spotted Dolphin,90044
90044004,4:26.931-4:27.867,60600,.936,Pantropical Spotted Dolphin,90044
90044005,5:47.280-5:48.202,60600,.921,Pantropical Spotted Dolphin,90044
90044006,5:48.701-5:49.600,60600,.898,Pantropical Spotted Dolphin,90044
90044007,6:12.058-6:12.942,60600,.883,Pantropical Spotted Dolphin,90044
90044008,6:24.428-6:26.349,60600,1.920,Pantropical Spotted Dolphin,90044
90044009,6:34.339-6:35.377,60600,1.037,Pantropical Spotted Dolphin,90044
9004400A,6:37.336-6:38.796,60600,1.459,Pantropical Spotted Dolphin,90044
9004400B,6:40.063-6:41.177,60600,1.114,Pantropical Spotted Dolphin,90044
9004400C,6:41.946-6:43.454,60600,1.507,Pantropical Spotted Dolphin,90044
9004400D,6:43.305-6:44.815,60600,1.510,Pantropical Spotted Dolphin,90044
9004400E,6:45.327-6:46.671,60600,1.343,Pantropical Spotted Dolphin,90044
9004400F,6:46.978-6:48.592,60600,1.613,Pantropical Spotted Dolphin,90044
9004400G,6:49.091-6:50.320,60600,1.229,Pantropical Spotted Dolphin,90044
9004400H,6:51.895-6:54.969,60600,3.073,Pantropical Spotted Dolphin,90044
9004400I,6:55.563-6:56.873,60600,1.309,Pantropical Spotted Dolphin,90044
9004400J,6:59.341-7:1.731,60600,2.389,Pantropical Spotted Dolphin,90044
9004400K,7:0.998-7:2.540,60600,1.541,Pantropical Spotted Dolphin,90044
9004400L,7:3.889-7:4.853,60600,.963,Pantropical Spotted Dolphin,90044
9004400M,7:6.356-7:7.243,60600,.886,Pantropical Spotted Dolphin,90044
9004400N,7:12.717-7:14.991,60600,2.274,Pantropical Spotted Dolphin,90044
9004400O,7:16.032-7:17.227,60600,1.194,Pantropical Spotted Dolphin,90044
9004400P,7:19.463-7:20.349,60600,.886,Pantropical Spotted Dolphin,90044
9004400Q,7:24.623-7:25.283,60600,.660,Pantropical Spotted Dolphin,90044
9004400R,7:26.016-7:27.365,60600,1.349,Pantropical Spotted Dolphin,90044
9004400S,7:29.639-7:31.489,60600,1.850,Pantropical Spotted Dolphin,90044
9004400T,7:31.952-7:33.918,60600,1.965,Pantropical Spotted Dolphin,90044
9004400U,7:34.805-7:35.229,60600,.424,Pantropical Spotted Dolphin,90044
9004400V,7:38.929-7:39.893,60600,.963,Pantropical Spotted Dolphin,90044
9004400W,7:42.977-7:43.709,60600,.732,Pantropical Spotted Dolphin,90044
9004400X,7:49.241-7:50.763,60600,1.522,Pantropical Spotted Dolphin,90044
9004400Y,7:51.920-7:53.038,60600,1.117,Pantropical Spotted Dolphin,90044
9004400Z,7:53.539-7:54.194,60600,.655,Pantropical Spotted Dolphin,90044
90044010,7:54.464-7:56.815,60600,2.351,Pantropical Spotted Dolphin,90044
90044011,7:56.816-7:59.581,60600,2.764,Pantropical Spotted Dolphin,90044
90044012,7:59.377-8:2.425,60600,3.047,Pantropical Spotted Dolphin,90044
90044013,8:2.429-8:5.481,60600,3.052,Pantropical Spotted Dolphin,90044
90044014,8:5.023-8:7.312,60600,2.289,Pantropical Spotted Dolphin,90044
90044015,8:7.312-8:10.362,60600,3.052,Pantropical Spotted Dolphin,90044
90044016,8:10.975-8:12.158,60600,1.182,Pantropical Spotted Dolphin,90044
90044017,8:13.302-8:14.714,60600,1.411,Pantropical Spotted Dolphin,90044
90044018,8:16.774-8:18.605,60600,1.831,Pantropical Spotted Dolphin,90044
90044019,8:18.987-8:21.238,60600,2.250,Pantropical Spotted Dolphin,90044
9004401A,8:21.314-8:23.487,60600,2.174,Pantropical Spotted Dolphin,90044
9004401B,8:25.969-8:26.808,60600,.839,Pantropical Spotted Dolphin,90044
9004401C,8:32.073-8:33.561,60600,1.487,Pantropical Spotted Dolphin,90044
9004401D,8:41.696-8:43.939,60600,2.243,Pantropical Spotted Dolphin,90044
9004401E,8:54.015-8:56.296,60600,2.281,Pantropical Spotted Dolphin,90044
9004401F,9:5.345-9:7.626,60600,2.281,Pantropical Spotted Dolphin,90044
9004401G,9:7.892-9:8.690,60600,.798,Pantropical Spotted Dolphin,90044
9004401H,9:13.519-9:15.572,60600,2.053,Pantropical Spotted Dolphin,90044
9004401I,9:15.648-9:17.005,60600,1.406,Pantropical Spotted Dolphin,90044
9004401J,9:17.131-9:18.271,60600,1.140,Pantropical Spotted Dolphin,90044
9004401K,9:18.181-9:20.020,60600,1.839,Pantropical Spotted Dolphin,90044
9004401L,9:20.020-9:22.263,60600,2.243,Pantropical Spotted Dolphin,90044
9004401M,9:22.339-9:23.442,60600,1.102,Pantropical Spotted Dolphin,90044
9004401N,9:27.548-9:29.069,60600,1.520,Pantropical Spotted Dolphin,90044
9004401O,9:29.4118-9:31.198,60600,1.786,Pantropical Spotted Dolphin,90044
9004401P,9:31.350-9:33.137,60600,1.786,Pantropical Spotted Dolphin,90044
9004401Q,9:34.353-9:35.418,60600,1.064,Pantropical Spotted Dolphin,90044
9004401R,9:38.512-9:39.790,60600,1.278,Pantropical Spotted Dolphin,90044
9004401S,,60600,1.051,Pantropical Spotted Dolphin,90044
9004401T,,60600,.936,Pantropical Spotted Dolphin,90044
9004401U,,60600,1.004,Pantropical Spotted Dolphin,90044
9004401V,,60600,.992,Pantropical Spotted Dolphin,90044
9004401W,,60600,1.275,Pantropical Spotted Dolphin,90044
9004401X,,60600,.989,Pantropical Spotted Dolphin,90044
9004401Y,,60600,.820,Pantropical Spotted Dolphin,90044
9004401Z,,60600,.788,Pantropical Spotted Dolphin,90044
90044020,,60600,.873,Pantropical Spotted Dolphin,90044
90044021,,60600,.988,Pantropical Spotted Dolphin,90044
90045001,0  B5:00  0:48.724,80000,2.456,Pantropical Spotted Dolphin,90045
90045002,0  B5:00  1:06.496,80000,2.004,Pantropical Spotted Dolphin,90045
90045003,0  B5:00  2:06.450,80000,2.062,Pantropical Spotted Dolphin,90045
90045004,0  B5:00  2:08.771,80000,1.933,Pantropical Spotted Dolphin,90045
90045005,0  B5:00  2:11.526,80000,1.885,Pantropical Spotted Dolphin,90045
90045006,0  B5:00  2:15.602,80000,2.190,Pantropical Spotted Dolphin,90045
90045007,0  B5:00  2:18.496,80000,2.188,Pantropical Spotted Dolphin,90045
90045008,0  B5:00  2:27.907,80000,2.062,Pantropical Spotted Dolphin,90045
90045009,0  B5:00  2:41.699,80000,1.804,Pantropical Spotted Dolphin,90045
9004500B,0  B5:00  2:58.037,80000,1.836,Pantropical Spotted Dolphin,90045
9004500C,0  B5:00  3:20.241,80000,1.546,Pantropical Spotted Dolphin,90045
9004500D,0  B5:00  3:25.461,80000,1.627,Pantropical Spotted Dolphin,90045
9005802G,6:1.900-6:3.822,60600,1.921,Pantropical Spotted Dolphin,90058
9005802H,6:5.168-6:7.090,60600,1.922,Pantropical Spotted Dolphin,90058
9005802I,6:7.547-6:11.123,60600,3.576,Pantropical Spotted Dolphin,90058
9005802J,6:11.127-6:14.708,60600,3.580,Pantropical Spotted Dolphin,90058
9005802K,6:16.142-6:17.584,60600,1.441,Pantropical Spotted Dolphin,90058
9005802L,6:18.891-6:20.048,60600,1.057,Pantropical Spotted Dolphin,90058
9005802M,6:20.843-6:22.052,60600,1.209,Pantropical Spotted Dolphin,90058
9005802N,6:22.057-6:23.272,60600,1.214,Pantropical Spotted Dolphin,90058
9005802O,6:24.001-6:25.215,60600,1.214,Pantropical Spotted Dolphin,90058
9005802P,6:27.644-6:28.859,60600,1.214,Pantropical Spotted Dolphin,90058
9005802Q,6:34.783-6:36.313,60600,1.530,Pantropical Spotted Dolphin,90058
9005802R,6:36.314-6:37.845,60600,1.531,Pantropical Spotted Dolphin,90058
9005802S,6:42.439-6:43.377,60600,.937,Pantropical Spotted Dolphin,90058
9005802T,6:43.446-6:45.071,60600,1.625,Pantropical Spotted Dolphin,90058
9005802U,6:46.821-6:47.964,60600,1.143,Pantropical Spotted Dolphin,90058
9005802V,6:48.898-6:49.972,60600,1.073,Pantropical Spotted Dolphin,90058
9005802W,6:51.945-6:54.030,60600,2.084,Pantropical Spotted Dolphin,90058
9005802X,6:55.291-6:57.278,60600,1.986,Pantropical Spotted Dolphin,90058
9005802Y,6:56.688-6:58.684,60600,1.9996,Pantropical Spotted Dolphin,90058
9005802Z,6:58.738-6:59.633,60600,.894,Pantropical Spotted Dolphin,90058
90058030,7:2.106-7:4.578,60600,2.471,Pantropical Spotted Dolphin,90058
90058031,7:4.578-7:7.049,60600,2.471,Pantropical Spotted Dolphin,90058
90058032,7:7.049-7:8.468,60600,1.418,Pantropical Spotted Dolphin,90058
90058033,7:9.099-7:9.659,60600,.560,Pantropical Spotted Dolphin,90058
90058034,7:9.659-7:12.518,60600,2.858,Pantropical Spotted Dolphin,90058
90058035,7:15.387-7:16.918,60600,1.530,Pantropical Spotted Dolphin,90058
90058036,7:24.156-7:27.303,60600,3.147,Pantropical Spotted Dolphin,90058
90058037,7:27.864-7:30.047,60600,2.232,Pantropical Spotted Dolphin,90058
90058038,7:30.103-7:32.342,60600,2.238,Pantropical Spotted Dolphin,90058
90058039,7:32.342-7:34.441,60600,2.099,Pantropical Spotted Dolphin,90058
9005803A,7:35.149-7:37.789,60600,2.640,Pantropical Spotted Dolphin,90058
9005803B,7:44.493-7:46.183,60600,1.689,Pantropical Spotted Dolphin,90058
9005803C,7:52.330-7:54.328,60600,1.997,Pantropical Spotted Dolphin,90058
9005803D,8:7.321-8:10.193,60600,2.872,Pantropical Spotted Dolphin,90058
9005803E,8:14.188-8:15.518,60600,1.330,Pantropical Spotted Dolphin,90058
9005803F,8:16.502-8:19.261,60600,2.759,Pantropical Spotted Dolphin,90058
9005803G,8:18.646-8:21.206,60600,2.559,Pantropical Spotted Dolphin,90058
9005803H,8:22.752-8:25.319,60600,2.566,Pantropical Spotted Dolphin,90058
9005803I,8:27.885-8:30.451,60600,2.566,Pantropical Spotted Dolphin,90058
9005803J,8:30.451-8:33.018,60600,2.566,Pantropical Spotted Dolphin,90058
9005803K,8:42.513-8:45.080,60600,2.566,Pantropical Spotted Dolphin,90058
9005803L,8:45.849-8:48.416,60600,2.566,Pantropical Spotted Dolphin,90058
9005803M,8:49.955-8:52.522,60600,2.566,Pantropical Spotted Dolphin,90058
9005803N,8:57.403-9:1.102,60600,3.671,Pantropical Spotted Dolphin,90058
9005803O,9:11.626-9:13.923,60600,2.297,Pantropical Spotted Dolphin,90058
9005803P,9:13.928-9:16.231,60600,2.302,Pantropical Spotted Dolphin,90058
9005803Q,9:33.958-9:36.261,60600,2.302,Pantropical Spotted Dolphin,90058
9005803R,11:54.399-11:56.702,60600,2.302,Pantropical Spotted Dolphin,90058
9005803S,11:59.256-12:1.927,60600,2.671,Pantropical Spotted Dolphin,90058
9005803T,12:3.531-12:6.203,60600,2.671,Pantropical Spotted Dolphin,90058
9005803U,12:10.478-12:13.150,60600,2.671,Pantropical Spotted Dolphin,90058
9005803V,12:14.031-12:17.241,60600,3.209,Pantropical Spotted Dolphin,90058
9005803W,12:17.523-12:19.931,60600,2.407,Pantropical Spotted Dolphin,90058
9005803X,12:19.935-12:22.771,60600,2.336,Pantropical Spotted Dolphin,90058
9005803Y,12:22.279-12:24.624,60600,2.344,Pantropical Spotted Dolphin,90058
9005803Z,12:24.624-12:27.146,60600,2.521,Pantropical Spotted Dolphin,90058
90058040,12:27.148-12:30.523,60600,3.374,Pantropical Spotted Dolphin,90058
90058041,12:30.527-12:33.907,60600,3.379,Pantropical Spotted Dolphin,90058
90058042,12:33.907-12:36.695,60600,2.788,Pantropical Spotted Dolphin,90058
90058043,12:36.695-12:39.483,60600,2.788,Pantropical Spotted Dolphin,90058
90058044,12:39.390-12:43.048,60600,3.658,Pantropical Spotted Dolphin,90058
90058045,12:42.688-12:45.299,60600,2.611,Pantropical Spotted Dolphin,90058
90058046,12:46.093-12:48.712,60600,2.619,Pantropical Spotted Dolphin,90058
90058047,12:49.497-12:53.140,60600,3.642,Pantropical Spotted Dolphin,90058
90058048,12:53.141-12:56.785,60600,3.643,Pantropical Spotted Dolphin,90058
90058049,12:57.878-13.0884,60600,3.005,Pantropical Spotted Dolphin,90058
9005804A,13:0.888-13:0.884,60600,3.009,Pantropical Spotted Dolphin,90058
9005804B,13:3.625-13:7.372,60600,3.747,Pantropical Spotted Dolphin,90058
9005804C,13:7.169-13:9.999,60600,2.829,Pantropical Spotted Dolphin,90058
9005804D,13:10.000-13:12.830,60600,2.830,Pantropical Spotted Dolphin,90058
9005804E,13:12.830-13:15.660,60600,2.830,Pantropical Spotted Dolphin,90058
9005804F,13:16.509-13:19.340,60600,2.830,Pantropical Spotted Dolphin,90058
9005804G,13:19.637-13:20.800,60600,1.162,Pantropical Spotted Dolphin,90058
9005804H,13:20.547-13:24.634,60600,4.087,Pantropical Spotted Dolphin,90058
9005804I,13:24.634-13:28.721,60600,4.087,Pantropical Spotted Dolphin,90058
9005804J,13:28.549-13:31.582,60600,3.033,Pantropical Spotted Dolphin,90058
9005804K,13:33.415-13:36.457,60600,3.041,Pantropical Spotted Dolphin,90058
9005804L,13:36.457-13:39.499,60600,3.041,Pantropical Spotted Dolphin,90058
9005804M,13:40.715-13:43.757,60600,3.041,Pantropical Spotted Dolphin,90058
9005804N,13:43.529-13:45.316,60600,1.786,Pantropical Spotted Dolphin,90058
9005804O,13:44.935-13:47.707,60600,2.771,Pantropical Spotted Dolphin,90058
9005804P,13:50.491-13:53.268,60600,2.777,Pantropical Spotted Dolphin,90058
9005804Q,13:52.921-13:55.212,60600,2.291,Pantropical Spotted Dolphin,90058
9005804R,13:55.213-13:57.504,60600,2.291,Pantropical Spotted Dolphin,90058
9005804S,13:57.504-13:59.796,60600,2.291,Pantropical Spotted Dolphin,90058
9005804T,14:3.692-14:5.984,60600,2.291,Pantropical Spotted Dolphin,90058
9005804U,14:5.984-14:8.276,60600,2.291,Pantropical Spotted Dolphin,90058
9005804V,14:10.437-14:14.017,60600,3.580,Pantropical Spotted Dolphin,90058
9005804W,14:14.017-14:17.597,60600,3.580,Pantropical Spotted Dolphin,90058
9005804X,14:21.177-14:23.415,60600,2.237,Pantropical Spotted Dolphin,90058
9005804Y,14:23.416-14:25.655,60600,2.238,Pantropical Spotted Dolphin,90058
9005804Z,14:25.655-14:28.198,60600,2.542,Pantropical Spotted Dolphin,90058
90058050,14:28.964-14:31.508,60600,2.545,Pantropical Spotted Dolphin,90058
90058051,14:31.509-14:33.132,60600,1.622,Pantropical Spotted Dolphin,90058
90058052,14:33.036-14:35.582,60600,2.545,Pantropical Spotted Dolphin,90058
90058053,14:34.582-14:37.363,60600,2.545,Pantropical Spotted Dolphin,90058
90058054,14:39.654-14:41.778,60600,2.123,Pantropical Spotted Dolphin,90058
90058055,14:41.736-14:44.478,60600,2.741,Pantropical Spotted Dolphin,90058
90058056,14:44.482-14:46.919,60600,2.436,Pantropical Spotted Dolphin,90058
90058057,14:49.361-14:51.801,60600,2.439,Pantropical Spotted Dolphin,90058
90058058,14:53.265-14:55.704,60600,2.439,Pantropical Spotted Dolphin,90058
90058059,15:1.135-15:5.310,60600,3.995,Pantropical Spotted Dolphin,90058
9005805A,15:11.359-15:15.906,60600,4.547,Pantropical Spotted Dolphin,90058
9005805B,15:21.373-15:25.071,60600,3.698,Pantropical Spotted Dolphin,90058
9005805C,15:31.011-15:34.718,60600,3.706,Pantropical Spotted Dolphin,90058
9005805D,15:34.347-15:37.310,60600,2.963,Pantropical Spotted Dolphin,90058
9005805E,15:37.315-15:40.282,60600,2.967,Pantropical Spotted Dolphin,90058
9005805F,15:47.405-15:50.372,60600,2.967,Pantropical Spotted Dolphin,90058
9005805G,15:51.263-15:54.230,60600,2.967,Pantropical Spotted Dolphin,90058
9005805H,15:55.465-15:59.595,60600,4.129,Pantropical Spotted Dolphin,90058
9005805I,16:3.001-16:6.202,60600,3.200,Pantropical Spotted Dolphin,90058
9005805J,16:10.264-16:14.330,60600,4.066,Pantropical Spotted Dolphin,90058
9005805K,16:17.176-16:21.242,60600,4.066,Pantropical Spotted Dolphin,90058
9005805L,16:22.462-16:26.528,60600,4.066,Pantropical Spotted Dolphin,90058
9005805M,16:26.528-16:30.594,60600,4.066,Pantropical Spotted Dolphin,90058
9005805N,16:30.594-16:31.661,60600,1.067,Pantropical Spotted Dolphin,90058
9005805O,16:34.660-16:38.726,60600,4.066,Pantropical Spotted Dolphin,90058
9005805P,16:38.726-16:40.702,60600,1.975,Pantropical Spotted Dolphin,90058
9005805Q,16:42.792-16:45.028,60600,2.236,Pantropical Spotted Dolphin,90058
9005805R,16:45.703-16:47.941,60600,2.238,Pantropical Spotted Dolphin,90058
9005805S,16:50.180-16:52.419,60600,2.238,Pantropical Spotted Dolphin,90058
9005805T,16:55.330-16:57.569,60600,2.238,Pantropical Spotted Dolphin,90058
9005805U,16:56.897-16:59.136,60600,2.238,Pantropical Spotted Dolphin,90058
9005805V,17:0.480-17:2.718,60600,2.238,Pantropical Spotted Dolphin,90058
9005805W,17:8.053-17:11.193,60600,3.139,Pantropical Spotted Dolphin,90058
9005805X,17:17.494-17:19.304,60600,1.809,Pantropical Spotted Dolphin,90058
9005805Y,17:23.789-17:26.385,60600,2.596,Pantropical Spotted Dolphin,90058
9005805Z,17:31.752-17:35.881,60600,4.129,Pantropical Spotted Dolphin,90058
90058060,17:36.405-17:39.640,60600,3.235,Pantropical Spotted Dolphin,90058
90058061,17:39.647-17:40.741,60600,1.094,Pantropical Spotted Dolphin,90058
90058062,17:42.889-17:46.131,60600,3.242,Pantropical Spotted Dolphin,90058
90058063,17:50.322-17:54.515,60600,4.192,Pantropical Spotted Dolphin,90058
90058064,17:57.031-18:1.223,60600,4.192,Pantropical Spotted Dolphin,90058
90058065,18:1.223-18:5.416,60600,4.192,Pantropical Spotted Dolphin,90058
90058066,18:5.416-18:9.609,60600,4.192,Pantropical Spotted Dolphin,90058
90058067,18:25.960-18:30.153,60600,4.192,Pantropical Spotted Dolphin,90058
90058068,18:30.153-18:31.988,60600,1.834,Pantropical Spotted Dolphin,90058
90058069,18:34.346-18:38.539,60600,4.192,Pantropical Spotted Dolphin,90058
9005806A,18:46.924-18:51.117,60600,4.192,Pantropical Spotted Dolphin,90058
9005806B,18:54.589-18:55.735,60600,1.146,Pantropical Spotted Dolphin,90058
9005806C,18:59.083-19:0.955,60600,1.871,Pantropical Spotted Dolphin,90058
9005806D,19:14.911-19:16.168,60600,1.257,Pantropical Spotted Dolphin,90058
9005806E,19:20.885-19:25.078,60600,4.192,Pantropical Spotted Dolphin,90058
9005806F,19:41.076-19:43.653,60600,2.576,Pantropical Spotted Dolphin,90058
9005806G,19:49.836-19:52.930,60600,3.094,Pantropical Spotted Dolphin,90058
9005806H,19:55.715-19:58.809,60600,3.094,Pantropical Spotted Dolphin,90058
9005806I,20:0.666-20:3.760,60600,3.094,Pantropical Spotted Dolphin,90058
9005806J,20:3.760-20:6.855,60600,3.094,Pantropical Spotted Dolphin,90058
9005806K,20:6.855-20:9.949,60600,3.094,Pantropical Spotted Dolphin,90058
9005806L,20:9.949-20:13.044,60600,3.094,Pantropical Spotted Dolphin,90058
9005806M,20:13.044-20:16.138,60600,3.094,Pantropical Spotted Dolphin,90058
9005806N,20:18.410-20:20.955,60600,2.545,Pantropical Spotted Dolphin,90058
9005806O,20:20.955-20:23.182,60600,2.227,Pantropical Spotted Dolphin,90058
9005806P,20:22.733-20:25.810,60600,3.076,Pantropical Spotted Dolphin,90058
9005806Q,20:25.817-20:28.901,60600,3.083,Pantropical Spotted Dolphin,90058
9005806R,20:27.976-20:31.060,60600,3.083,Pantropical Spotted Dolphin,90058
9005806S,20:31.060-20:34.143,60600,3.083,Pantropical Spotted Dolphin,90058
9005806T,20:49.563-20:52.646,60600,3.083,Pantropical Spotted Dolphin,90058
9005806U,20:53.571-20:56.655,60600,3.083,Pantropical Spotted Dolphin,90058
9005806V,20:56.655-20:59.739,60600,3.083,Pantropical Spotted Dolphin,90058
9005806W,21:7.757-21:10.841,60600,3.083,Pantropical Spotted Dolphin,90058
9005806X,21:26.260-21:29.344,60600,3.083,Pantropical Spotted Dolphin,90058
9005806Y,21:29.344-21:32.428,60600,3.083,Pantropical Spotted Dolphin,90058
9005806Z,21:32.428-21:35.511,60600,3.083,Pantropical Spotted Dolphin,90058
90058070,21:35.414-21:36.594,60600,1.180,Pantropical Spotted Dolphin,90058
90058071,21:38.324-21:40.701,60600,2.377,Pantropical Spotted Dolphin,90058
90058072,21:43.757-21:46.809,60600,3.052,Pantropical Spotted Dolphin,90058
90058073,21:53.867-21:55.966,60600,2.098,Pantropical Spotted Dolphin,90058
90058074,22:21.298-22:24.351,60600,3.052,Pantropical Spotted Dolphin,90058
90058075,22:33.792-22:36.232,60600,2.439,Pantropical Spotted Dolphin,90058
90058076,22:44.526-22:46.966,60600,2.439,Pantropical Spotted Dolphin,90058
90058077,22:46.966-22:49.406,60600,2.439,Pantropical Spotted Dolphin,90058
90058078,22:58.432-23:0.872,60600,2.439,Pantropical Spotted Dolphin,90058
90058079,23:3.311-23:5.751,60600,2.439,Pantropical Spotted Dolphin,90058
9005807A,23:13.070-23:15.509,60600,2.439,Pantropical Spotted Dolphin,90058
9005807B,23:28.439-23:30.879,60600,2.439,Pantropical Spotted Dolphin,90058
9005807C,23:30.879-23:33.319,60600,2.439,Pantropical Spotted Dolphin,90058
9005807D,23:45.517-23:47.956,60600,2.439,Pantropical Spotted Dolphin,90058
9005807E,23:51.372-23:53.811,60600,2.439,Pantropical Spotted Dolphin,90058
9005807F,23:56.251-23:58.690,60600,2.439,Pantropical Spotted Dolphin,90058
9005807G,24:2.594-24:5.033,60600,2.439,Pantropical Spotted Dolphin,90058
9005807H,24:8.205-24:10.645,60600,2.439,Pantropical Spotted Dolphin,90058
9005807I,24:10.128-24:13.229,60600,3.100,Pantropical Spotted Dolphin,90058
9005807J,24:19.443-24:22.547,60600,3.104,Pantropical Spotted Dolphin,90058
9005807K,24:22.547-24:25.652,60600,3.104,Pantropical Spotted Dolphin,90058
9005807L,,60600,1.093,Pantropical Spotted Dolphin,90058
9005807M,,60600,.791,Pantropical Spotted Dolphin,90058
9005807N,,60600,1.059,Pantropical Spotted Dolphin,90058
9005807O,,60600,1.384,Pantropical Spotted Dolphin,90058
9005807P,,60600,1.441,Pantropical Spotted Dolphin,90058
93001008,7:18.510-7:20.350,60600,1.840,Pantropical Spotted Dolphin,93001
93001009,7:40.376-7:41.188,60600,.811,Pantropical Spotted Dolphin,93001
9300100A,7:47.753-7:48.321,60600,.568,Pantropical Spotted Dolphin,93001
9300100B,7:54.057-7:54.848,60600,.791,Pantropical Spotted Dolphin,93001
9300100C,7:56.377-7:57.047,60600,.669,Pantropical Spotted Dolphin,93001
9300100D,10:33.145-10:34.390,60600,1.244,Pantropical Spotted Dolphin,93001
9300100E,10:49.491-10:50.248,60600,.757,Pantropical Spotted Dolphin,93001
9300100F,11:9.547-11:10.798,60600,1.250,Pantropical Spotted Dolphin,93001
9300100G,11:14.357-11:15.021,60600,.664,Pantropical Spotted Dolphin,93001
9300100H,,60600,.273,Pantropical Spotted Dolphin,93001
9300100I,,60600,.273,Pantropical Spotted Dolphin,93001
94006001,0  B30:00.00  6:04.438,80000,0.341,Pantropical Spotted Dolphin,94006
94006002,0  B30:00.00  6:04.833,80000,0.771,Pantropical Spotted Dolphin,94006
94006003,0  B30:00.00  6:23.008,80000,0.494,Pantropical Spotted Dolphin,94006
94006004,0  B30:00.00  6:27.636,80000,0.592,Pantropical Spotted Dolphin,94006
94006005,0  B30:00.00  6:29.178,80000,0.304,Pantropical Spotted Dolphin,94006
94006006,0  B30:00.00  24:45.607,80000,0.276,Pantropical Spotted Dolphin,94006
94006007,0  B30:00.00  24:59.832,80000,1.572,Pantropical Spotted Dolphin,94006
94006008,0  B30:00.00  25:30.392,80000,0.537,Pantropical Spotted Dolphin,94006
94006009,0  B30:00.00  26:01.789,80000,0.174,Pantropical Spotted Dolphin,94006
9400600A,0  B30:00.00  6:29.178,80000,0.295,Pantropical Spotted Dolphin,94006
94008001,0  B29:00.00  0:05.459,80000,0.690,Pantropical Spotted Dolphin,94008
94008002,0  B29:00.00  0:06.913,80000,0.232,Pantropical Spotted Dolphin,94008
94008003,0  B29:00.00  0:07.123,80000,0.712,Pantropical Spotted Dolphin,94008
94008004,0  B29:00.00  0:08.294,80000,0.519,Pantropical Spotted Dolphin,94008
94008005,0  B29:00.00  0:11.960,80000,0.604,Pantropical Spotted Dolphin,94008
94008006,0  B29:00.00  0:12.798,80000,1.579,Pantropical Spotted Dolphin,94008
94008007,0  B29:00.00  0:15.760,80000,1.088,Pantropical Spotted Dolphin,94008
94008008,0  B29:00.00  0:17.009,80000,0.613,Pantropical Spotted Dolphin,94008
94008009,0  B29:00.00  0:18.509,80000,0.859,Pantropical Spotted Dolphin,94008
9400800A,0  B29:00.00  0:19.891,80000,0.367,Pantropical Spotted Dolphin,94008
9400800B,0  B29:00.00  0:24.382,80000,0.776,Pantropical Spotted Dolphin,94008
9400800C,0  B29:00.00  0:25.640,80000,0.767,Pantropical Spotted Dolphin,94008
9400800D,0  B29:00.00  0:25.640,80000,1.758,Pantropical Spotted Dolphin,94008
9400800E,0  B29:00.00  0:35.546,80000,1.592,Pantropical Spotted Dolphin,94008
9400800F,0  B29:00.00  0:41.828,80000,0.854,Pantropical Spotted Dolphin,94008
9400800G,0  B29:00.00  0:47.475,80000,0.591,Pantropical Spotted Dolphin,94008
9400800H,0  B29:00.00  0:48.054,80000,0.680,Pantropical Spotted Dolphin,94008
9400800I,0  B29:00.00  0:54.003,80000,0.645,Pantropical Spotted Dolphin,94008
9400800J,0  B29:00.00  0:54.635,80000,0.713,Pantropical Spotted Dolphin,94008
9400800K,0  B29:00.00  0:55.344,80000,0.673,Pantropical Spotted Dolphin,94008
9400800L,0  B29:00.00  0:56.001,80000,1.731,Pantropical Spotted Dolphin,94008
9400800M,0  B29:00.00  0:59.709,80000,1.976,Pantropical Spotted Dolphin,94008
9400800N,0  B29:00.00  1:01.967,80000,2.880,Pantropical Spotted Dolphin,94008
9400800O,0  B29:00.00  1:06.296,80000,1.827,Pantropical Spotted Dolphin,94008
9400800P,0  B29:00.00  1:08.537,80000,2.790,Pantropical Spotted Dolphin,94008
9400800Q,0  B29:00.00  1:14.601,80000,0.511,Pantropical Spotted Dolphin,94008
9400800R,0  B29:00.00  1:15.090,80000,0.528,Pantropical Spotted Dolphin,94008
9400800S,0  B29:00.00  1:15.810,80000,0.403,Pantropical Spotted Dolphin,94008
9400800T,0  B29:00.00  1:16.727,80000,1.845,Pantropical Spotted Dolphin,94008
9400800U,0  B29:00.00  1:18.575,80000,0.883,Pantropical Spotted Dolphin,94008
9400800V,0  B29:00.00  1:19.585,80000,0.421,Pantropical Spotted Dolphin,94008
9400800W,0  B29:00.00  1:20.746,80000,0.993,Pantropical Spotted Dolphin,94008
9400800X,0  B29:00.00  1:22.973,80000,1.521,Pantropical Spotted Dolphin,94008
9400800Y,0  B29:00.00  1:25.392,80000,0.944,Pantropical Spotted Dolphin,94008
9400800Z,0  B29:00.00  1:30.003,80000,0.739,Pantropical Spotted Dolphin,94008
94008010,0  B29:00.00  1:30.902,80000,0.372,Pantropical Spotted Dolphin,94008
94008011,0  B29:00.00  1:32.393,80000,0.693,Pantropical Spotted Dolphin,94008
94008012,0  B29:00.00  1:33.092,80000,0.755,Pantropical Spotted Dolphin,94008
94008013,0  B29:00.00  1:34.029,80000,0.333,Pantropical Spotted Dolphin,94008
94008014,0  B29:00.00  1:35.270,80000,0.904,Pantropical Spotted Dolphin,94008
94008015,0  B29:00.00  1:36.174,80000,2.029,Pantropical Spotted Dolphin,94008
94008016,0  B29:00.00  1:38.271,80000,0.246,Pantropical Spotted Dolphin,94008
94008017,0  B29:00.00  1:40.930,80000,1.016,Pantropical Spotted Dolphin,94008
94008018,0  B29:00.00  1:51.246,80000,0.219,Pantropical Spotted Dolphin,94008
94008019,0  B29:00.00  1:53.395,80000,1.356,Pantropical Spotted Dolphin,94008
9400801A,0  B29:00.00  1:59.463,80000,1.125,Pantropical Spotted Dolphin,94008
9400801B,0  B29:00.00  2:03.530,80000,0.845,Pantropical Spotted Dolphin,94008
9400801C,0  B29:00.00  2:06.648,80000,0.333,Pantropical Spotted Dolphin,94008
9400801D,0  B29:00.00  2:08.770,80000,0.572,Pantropical Spotted Dolphin,94008
9400801E,0  B29:00.00  2:10.279,80000,0.558,Pantropical Spotted Dolphin,94008
9400801F,0  B29:00.00  2:16.714,80000,0.436,Pantropical Spotted Dolphin,94008
9400801G,0  B29:00.00  2:19.199,80000,0.288,Pantropical Spotted Dolphin,94008
9400801H,0  B29:00.00  2:20.443,80000,0.833,Pantropical Spotted Dolphin,94008
9400801I,0  B29:00.00  2:25.054,80000,0.497,Pantropical Spotted Dolphin,94008
9400801J,0  B29:00.00  2:28.919,80000,0.243,Pantropical Spotted Dolphin,94008
9400801K,0  B29:00.00  2:29.409,80000,2.060,Pantropical Spotted Dolphin,94008
9400801L,0  B29:00.00  2:31.865,80000,1.145,Pantropical Spotted Dolphin,94008
9400801M,0  B29:00.00  2:33.105,80000,1.240,Pantropical Spotted Dolphin,94008
9400801N,0  B29:00.00  2:35.852,80000,1.808,Pantropical Spotted Dolphin,94008
9400801O,0  B29:00.00  2:39.263,80000,0.986,Pantropical Spotted Dolphin,94008
9400801P,0  B29:00.00  2:40.801,80000,0.513,Pantropical Spotted Dolphin,94008
9400801Q,0  B29:00.00  2:52.086,80000,1.068,Pantropical Spotted Dolphin,94008
9400801R,0  B29:00.00  2:54.485,80000,1.258,Pantropical Spotted Dolphin,94008
9400801S,0  B29:00.00  2:57.347,80000,0.328,Pantropical Spotted Dolphin,94008
9400801T,0  B29:00.00  2:59.690,80000,1.392,Pantropical Spotted Dolphin,94008
9400801U,0  B29:00.00  3:01.090,80000,1.085,Pantropical Spotted Dolphin,94008
9400801V,0  B29:00.00  3:05.197,80000,0.328,Pantropical Spotted Dolphin,94008
9400801W,0  B29:00.00  3:07.914,80000,0.246,Pantropical Spotted Dolphin,94008
9400801X,0  B29:00.00  3:08.194,80000,0.786,Pantropical Spotted Dolphin,94008
9400801Y,0  B29:00.00  3:09.207,80000,0.259,Pantropical Spotted Dolphin,94008
9400801Z,0  B29:00.00  3:09.793,80000,0.758,Pantropical Spotted Dolphin,94008
94008020,0  B29:00.00  3:12.484,80000,1.042,Pantropical Spotted Dolphin,94008
94008021,0  B29:00.00  3:14.387,80000,0.981,Pantropical Spotted Dolphin,94008
94008022,0  B29:00.00  3:15.363,80000,0.451,Pantropical Spotted Dolphin,94008
94008023,0  B29:00.00  3:16.568,80000,0.397,Pantropical Spotted Dolphin,94008
94008024,0  B29:00.00  3:20.105,80000,0.583,Pantropical Spotted Dolphin,94008
94008025,0  B29:00.00  3:20.718,80000,0.603,Pantropical Spotted Dolphin,94008
94008026,0  B29:00.00  3:22.343,80000,0.695,Pantropical Spotted Dolphin,94008
94008027,0  B29:00.00  3:28.678,80000,1.943,Pantropical Spotted Dolphin,94008
94008028,0  B29:00.00  3:35.126,80000,1.248,Pantropical Spotted Dolphin,94008
94008029,0  B29:00.00  3:45.880,80000,3.333,Pantropical Spotted Dolphin,94008
9400802A,0  B29:00.00  3:52.449,80000,0.874,Pantropical Spotted Dolphin,94008
9400802B,0  B29:00.00  3:57.605,80000,1.293,Pantropical Spotted Dolphin,94008
9400802C,0  B29:00.00  3:59.567,80000,2.073,Pantropical Spotted Dolphin,94008
9400802D,0  B29:00.00  4:16.069,80000,1.032,Pantropical Spotted Dolphin,94008
9400802E,0  B29:00.00  4:27.619,80000,0.721,Pantropical Spotted Dolphin,94008
9400802F,0  B29:00.00  5:39.649,80000,0.981,Pantropical Spotted Dolphin,94008
9400802G,0  B29:00.00  5:45.226,80000,3.598,Pantropical Spotted Dolphin,94008
9400802H,0  B29:00.00  5:48.962,80000,0.731,Pantropical Spotted Dolphin,94008
9400802I,0  B29:00.00  5:50.974,80000,1.633,Pantropical Spotted Dolphin,94008
9400802J,0  B29:00.00  6:02.525,80000,3.159,Pantropical Spotted Dolphin,94008
9400802K,0  B29:00.00  6:11.650,80000,1.540,Pantropical Spotted Dolphin,94008
9400802L,0  B29:00.00  6:13.585,80000,0.810,Pantropical Spotted Dolphin,94008
9400802M,0  B29:00.00  6:15.545,80000,1.024,Pantropical Spotted Dolphin,94008
9400802N,0  B29:00.00  6:17.889,80000,0.869,Pantropical Spotted Dolphin,94008
9400802O,0  B29:00.00  7:05.139,80000,0.568,Pantropical Spotted Dolphin,94008
9400802P,0  B29:00.00  7:44.586,80000,0.851,Pantropical Spotted Dolphin,94008
9400802Q,0  B29:00.00  7:47.169,80000,0.933,Pantropical Spotted Dolphin,94008
9400802R,0  B29:00.00  7:49.757,80000,0.933,Pantropical Spotted Dolphin,94008
9400802S,0  B29:00.00  8:33.544,80000,0.981,Pantropical Spotted Dolphin,94008
9400805H,28  B5:00.00  0:30.941,148100,15.011,Pantropical Spotted Dolphin,94008
9400805I,28  B5:00.00  0:31.879,148100,1.059,Pantropical Spotted Dolphin,94008
9400805J,28  B5:00.00  0:34.418,148100,0.492,Pantropical Spotted Dolphin,94008
9400805K,28  B5:00.00  0:36.214,148100,1.313,Pantropical Spotted Dolphin,94008
9400805L,28  B5:00.00  0:39.435,148100,0.983,Pantropical Spotted Dolphin,94008
9400805M,28  B5:00.00  0:44.277,148100,1.034,Pantropical Spotted Dolphin,94008
9400805N,28  B5:00.00  0:46.375,148100,15.002,Pantropical Spotted Dolphin,94008
9400805O,28  B5:00.00  0:46.375,148100,2.247,Pantropical Spotted Dolphin,94008
9400805P,28  B5:00.00  0:54.649,148100,2.075,Pantropical Spotted Dolphin,94008
9400805Q,28  B5:00.00  0:56.730,148100,2.172,Pantropical Spotted Dolphin,94008
9400805R,28  B5:00.00  1:01.917,148100,2.048,Pantropical Spotted Dolphin,94008
9400805S,28  B5:00.00  1:01.669,148100,15.293,Pantropical Spotted Dolphin,94008
9400805T,28  B5:00.00  1:04.823,148100,2.562,Pantropical Spotted Dolphin,94008
9400805U,28  B5:00.00  1:08.879,148100,1.311,Pantropical Spotted Dolphin,94008
9400805V,28  B5:00.00  1:15.388,148100,1.369,Pantropical Spotted Dolphin,94008
9400805W,28  B5:00.00  1:17.188,148100,1.184,Pantropical Spotted Dolphin,94008
9400805X,28  B5:00.00  1:19.576,148100,1.010,Pantropical Spotted Dolphin,94008
9400805Y,28  B5:00.00  1:21.412,148100,0.444,Pantropical Spotted Dolphin,94008
9400805Z,28  B5:00.00  1:22.652,148100,0.648,Pantropical Spotted Dolphin,94008
94008060,28  B5:00.00  1:17.003,148100,15.004,Pantropical Spotted Dolphin,94008
94008061,28  B5:00.00  1:24.045,148100,1.550,Pantropical Spotted Dolphin,94008
94008062,28  B5:00.00  1:25.615,148100,1.398,Pantropical Spotted Dolphin,94008
94008063,28  B5:00.00  1:27.447,148100,1.333,Pantropical Spotted Dolphin,94008
94008064,28  B5:00.00  1:32.005,148100,15.002,Pantropical Spotted Dolphin,94008
94008065,28  B5:00.00  1:35.940,148100,0.843,Pantropical Spotted Dolphin,94008
94008066,28  B5:00.00  1:43.656,148100,2.044,Pantropical Spotted Dolphin,94008
94008067,28  B5:00.00  1:47.003,148100,15.023,Pantropical Spotted Dolphin,94008
94008068,28  B5:00.00  1:48.592,148100,2.268,Pantropical Spotted Dolphin,94008
94008069,28  B5:00.00  1:54.026,148100,2.037,Pantropical Spotted Dolphin,94008
9400806A,28  B5:00.00  1:56.358,148100,1.970,Pantropical Spotted Dolphin,94008
9400806B,28  B5:00.00  1:58.329,148100,0.594,Pantropical Spotted Dolphin,94008
9400806C,28  B5:00.00  1:59.688,148100,2.264,Pantropical Spotted Dolphin,94008
9400806D,28  B5:00.00  2:01.952,148100,0.877,Pantropical Spotted Dolphin,94008
9400806E,28  B5:00.00  2:02.044,148100,15.021,Pantropical Spotted Dolphin,94008
9400806F,28  B5:00.00  2:02.044,148100,0.753,Pantropical Spotted Dolphin,94008
9400806G,28  B5:00.00  2:03.672,148100,1.608,Pantropical Spotted Dolphin,94008
9400806H,28  B5:00.00  2:06.009,148100,1.982,Pantropical Spotted Dolphin,94008
9400806I,28  B5:00.00  2:08.517,148100,2.144,Pantropical Spotted Dolphin,94008
9400806J,28  B5:00.00  2:13.388,148100,1.603,Pantropical Spotted Dolphin,94008
9400806K,28  B5:00.00  2:14.991,148100,0.996,Pantropical Spotted Dolphin,94008
9400806L,28  B5:00.00  2:16.164,148100,0.900,Pantropical Spotted Dolphin,94008
9400806M,28  B5:00.00  2:17.136,148100,15.021,Pantropical Spotted Dolphin,94008
9400806N,28  B5:00.00  2:17.136,148100,1.427,Pantropical Spotted Dolphin,94008
9400806O,28  B5:00.00  2:21.312,148100,1.684,Pantropical Spotted Dolphin,94008
9400806P,28  B5:00.00  2:27.904,148100,2.710,Pantropical Spotted Dolphin,94008
9400806Q,28  B5:00.00  2:37.542,148100,15.033,Pantropical Spotted Dolphin,94008
9400806R,28  B5:00.00  2:43.932,148100,1.800,Pantropical Spotted Dolphin,94008
9400806S,28  B5:00.00  2:47.601,148100,2.445,Pantropical Spotted Dolphin,94008
9400806T,28  B5:00.00  2:50.046,148100,2.445,Pantropical Spotted Dolphin,94008
9400806U,28  B5:00.00  2:54.422,148100,15.033,Pantropical Spotted Dolphin,94008
9400806V,28  B5:00.00  2:56.110,148100,6.154,Pantropical Spotted Dolphin,94008
9400806W,28  B5:00.00  3:16.365,148100,10.760,Pantropical Spotted Dolphin,94008
9400806X,28  B5:00.00  3:19.319,148100,1.476,Pantropical Spotted Dolphin,94008
9400806Y,28  B5:00.00  3:20.802,148100,0.551,Pantropical Spotted Dolphin,94008
9400806Z,28  B5:00.00  3:21.353,148100,1.457,Pantropical Spotted Dolphin,94008
94008070,28  B5:00.00  3:24.316,148100,2.827,Pantropical Spotted Dolphin,94008
94008071,28  B5:00.00  3:32.448,148100,1.575,Pantropical Spotted Dolphin,94008
94008072,28  B5:00.00  3:35.159,148100,1.333,Pantropical Spotted Dolphin,94008
94008073,200  B3:00.00  0:07.853,148100,2.276,Pantropical Spotted Dolphin,94008
94008074,200  B3:00.00  0:35.753,148100,2.089,Pantropical Spotted Dolphin,94008
94008075,200  B3:00.00  0:41.451,148100,2.848,Pantropical Spotted Dolphin,94008
94008076,200  B3:00.00  0:48.620,148100,1.709,Pantropical Spotted Dolphin,94008
94008077,200  B3:00.00  0:53.915,148100,2.254,Pantropical Spotted Dolphin,94008
94008078,200  B3:00.00  0:56.171,148100,2.433,Pantropical Spotted Dolphin,94008
94008079,200  B3:00.00  0:59.733,148100,2.671,Pantropical Spotted Dolphin,94008
9400807A,200  B3:00.00  1:04.196,148100,1.584,Pantropical Spotted Dolphin,94008
9400807B,200  B3:00.00  1:08.756,148100,2.493,Pantropical Spotted Dolphin,94008
9400807C,200  B3:00.00  1:11.635,148100,1.714,Pantropical Spotted Dolphin,94008
9400807D,200  B3:00.00  1:26.981,148100,2.433,Pantropical Spotted Dolphin,94008
9400807E,200  B3:00.00  1:30.602,148100,4.749,Pantropical Spotted Dolphin,94008
9400807F,200  B3:00.00  1:37.133,148100,2.137,Pantropical Spotted Dolphin,94008
9400807G,200  B3:00.00  1:42.160,148100,0.855,Pantropical Spotted Dolphin,94008
9400807H,200  B3:00.00  1:43.871,148100,0.534,Pantropical Spotted Dolphin,94008
9400807I,200  B3:00.00  1:47.454,148100,0.989,Pantropical Spotted Dolphin,94008
9400807J,200  B3:00.00  2:02.125,148100,1.721,Pantropical Spotted Dolphin,94008
9400807K,200  B3:00.00  2:07.231,148100,1.484,Pantropical Spotted Dolphin,94008
9400807L,200  B3:00.00  2:11.691,148100,1.486,Pantropical Spotted Dolphin,94008
9400807M,200  B3:00.00  2:22.339,148100,0.979,Pantropical Spotted Dolphin,94008
9400807N,200  B3:00.00  0:42.762,148100,15.187,Pantropical Spotted Dolphin,94008
9400807O,200  B3:00.00  1:28.337,148100,15.468,Pantropical Spotted Dolphin,94008
9400807P,0  B29:00.00  1:08.537,80000,1.184,Pantropical Spotted Dolphin,94008
9400807Q,0  B29:00.00  5:45.226,80000,0.775,Pantropical Spotted Dolphin,94008
9400807R,0  B29:00.00  5:45.226,80000,0.876,Pantropical Spotted Dolphin,94008
9400807S,0  B29:00.00  5:45.226,80000,1.011,Pantropical Spotted Dolphin,94008
9400807T,0  B29:00.00  0:25.640,80000,0.850,Pantropical Spotted Dolphin,94008
9400807U,0  B29:00.00  0:25.640,80000,0.880,Pantropical Spotted Dolphin,94008
9400807V,0  B29:00.00  2:35.852,80000,0.731,Pantropical Spotted Dolphin,94008
9400807X,0  B29:00.00  0:17.009,80000,0.603,Pantropical Spotted Dolphin,94008
9400807Y,0  B29:00.00  1:18.575,80000,0.847,Pantropical Spotted Dolphin,94008
9400807Z,0  B29:00.00  2:54.485,80000,1.253,Pantropical Spotted Dolphin,94008
94008080,0  B29:00.00  3:01.090,80000,1.083,Pantropical Spotted Dolphin,94008
94008081,0  B29:00.00  1:08.537,80000,1.041,Pantropical Spotted Dolphin,94008
94008082,0  B29:00.00  5:45.226,80000,0.778,Pantropical Spotted Dolphin,94008
94008083,0  B29:00.00  5:45.226,80000,0.767,Pantropical Spotted Dolphin,94008
94008084,0  B29:00.00  5:45.226,80000,1.014,Pantropical Spotted Dolphin,94008
94008085,0  B29:00.00  0:25.640,80000,0.851,Pantropical Spotted Dolphin,94008
94008086,0  B29:00.00  0:25.640,80000,0.877,Pantropical Spotted Dolphin,94008
94008087,0  B29:00.00  2:35.852,80000,0.731,Pantropical Spotted Dolphin,94008
84016001,10:34.974-11:18.936,160000,43.962,Sperm Whale,84016
84016002,10:34.974-11:18.936,40000,43.962,Sperm Whale,84016
84016003,10:34.974-11:18.936,40000,43.962,Sperm Whale,84016
84016004,10:34.974-11:18.936,40000,43.962,Sperm Whale,84016
84016005,10:34.974-11:18.936,40000,43.962,Sperm Whale,84016
84016007,14:15.326-14:58.945,40000,43.618,Sperm Whale,84016
84016008,14:15.326-14:58.945,40000,43.618,Sperm Whale,84016
84016009,14:15.326-14:58.945,40000,43.618,Sperm Whale,84016
8401600A,14:15.326-14:58.945,40000,43.618,Sperm Whale,84016
8401600B,0:00.000-21:00.000,44100,21:00.000,Sperm Whale,84016
8401600D,12:59.535-15:00.088,44100,2:00.552,Sperm Whale,84016
8401600E,17:02.384-20:41.820,44100,3:39.435,Sperm Whale,84016
61027001,400,30000,6.500,Sperm Whale,61027
61027002,431,30000,5.200,Sperm Whale,61027
61027003,552,30000,5.500,Sperm Whale,61027
61027004,590,30000,5.600,Sperm Whale,61027
62031001,150  B0:23.75  15.030,81920,1.891,Sperm Whale,62031
62031002,150  B0:23.750,81920,23.750,Sperm Whale,62031
62031003,,81920,12.762,Sperm Whale,62031
66026001,28  B23.75  17.75,81920,1.259,Sperm Whale,66026
66026002,28  B23.75  18.88,81920,1.066,Sperm Whale,66026
66026003,28  B23.75  0.0375,81920,0.725,Sperm Whale,66026
66026005,52  B23.75  0.4688,81920,1.094,Sperm Whale,66026
66026006,52  B23.75  2.563,81920,0.8438,Sperm Whale,66026
66026007,52  B23.75  11.50,81920,0.9031,Sperm Whale,66026
66026008,79  B23.75  1.097,81920,0.9031,Sperm Whale,66026
66026009,79  B23.75  4.697,81920,0.6062,Sperm Whale,66026
6602600A,79  B23.75  2.047,81920,0.6062,Sperm Whale,66026
6602600B,79  B23.75  5.831,81920,0.6844,Sperm Whale,66026
6602600C,79  B23.75  11.63,81920,0.6844,Sperm Whale,66026
6602600D,79  B23.75  15.70,81920,0.7062,Sperm Whale,66026
6602600E,106  B23.75  2.972,81920,0.6312,Sperm Whale,66026
6602600F,106  B23.75  9.453,81920,0.6312,Sperm Whale,66026
6602600G,106  B23.75  10.47,81920,0.5531,Sperm Whale,66026
6602600H,106  B23.75  12.85,81920,0.5062,Sperm Whale,66026
6602600I,106  B23.75  13.71,81920,0.5062,Sperm Whale,66026
6602600J,106  B23.75  15.98,81920,0.5062,Sperm Whale,66026
6602600K,106  B23.75  16.75,81920,0.5781,Sperm Whale,66026
6602600L,106  B23.75  18.03,81920,1.047,Sperm Whale,66026
6602600N,135  B23.75  2.016,81920,0.9906,Sperm Whale,66026
6602600O,135  B23.75  4.194,81920,0.9688,Sperm Whale,66026
6602600P,135  B23.75  6.381,81920,1.184,Sperm Whale,66026
6602600Q,135  B23.75  8.697,81920,0.9969,Sperm Whale,66026
6602600R,135  B23.75  10.85,81920,0.9969,Sperm Whale,66026
6602600S,135  B23.75  13.21,81920,1.000,Sperm Whale,66026
6602600T,135  B23.75  15.53,81920,1.175,Sperm Whale,66026
6602600U,135  B23.75  17.74,81920,1.225,Sperm Whale,66026
6602600V,135  B23.75  19.95,81920,1.166,Sperm Whale,66026
6602600W,135  B23.75  22.03,81920,1.188,Sperm Whale,66026
6602600X,166  B23.75  0.7625,81920,1.256,Sperm Whale,66026
6602600Y,166  B23.75  3.031,81920,1.256,Sperm Whale,66026
6602600Z,166  B23.75  5.166,81920,1.075,Sperm Whale,66026
66026011,166  B23.75  9.462,81920,1.119,Sperm Whale,66026
66026012,166  B23.75  13.77,81920,1.119,Sperm Whale,66026
66026013,166  B23.75  15.79,81920,1.003,Sperm Whale,66026
66026014,166  B23.75  18.02,81920,1.050,Sperm Whale,66026
66026015,197  B23.75  0.3219,81920,1.219,Sperm Whale,66026
66026016,197  B23.75  2.791,81920,1.125,Sperm Whale,66026
66026017,197  B23.75  4.828,81920,1.125,Sperm Whale,66026
66026018,197  B23.75  6.919,81920,1.103,Sperm Whale,66026
66026019,197  B23.75  9.069,81920,1.069,Sperm Whale,66026
6602601A,197  B23.75  11.35,81920,1.178,Sperm Whale,66026
6602601B,197  B23.75  15.96,81920,1.078,Sperm Whale,66026
6602601C,197  B23.75  17.87,81920,1.078,Sperm Whale,66026
6602601D,197  B23.75  20.18,81920,1.103,Sperm Whale,66026
6602601E,197  B23.75  22.02,81920,1.103,Sperm Whale,66026
6602601F,231  B23.75  2.553,81920,0.5719,Sperm Whale,66026
6602601G,231  B23.75  10.81,81920,0.9562,Sperm Whale,66026
6602601H,231  B23.75  13.26,81920,1.028,Sperm Whale,66026
6602601I,231  B23.75  18.62,81920,1.028,Sperm Whale,66026
6602601J,231  B23.75  21.32,81920,0.8594,Sperm Whale,66026
6602601K,327  B23.75  3.609,81920,1.188,Sperm Whale,66026
6602601L,327  B23.75  21.20,81920,0.9719,Sperm Whale,66026
6602601M,367  B23.75  5.797,81920,1.019,Sperm Whale,66026
6602601N,367  B23.75  12.47,81920,1.112,Sperm Whale,66026
6602601O,367  B23.75  15.86,81920,0.8781,Sperm Whale,66026
6602601P,367  B23.75  17.76,81920,0.9156,Sperm Whale,66026
6602601Q,405  B23.75  2.116,81920,0.6094,Sperm Whale,66026
6602601R,405  B23.75  2.644,81920,1.244,Sperm Whale,66026
6602601S,405  B23.75  3.775,81920,0.9875,Sperm Whale,66026
6602601T,405  B23.75  5.659,81920,0.5469,Sperm Whale,66026
6602601U,405  B23.75  8.438,81920,0.7937,Sperm Whale,66026
6602601V,405  B23.75  11.70,81920,0.8969,Sperm Whale,66026
6602601X,405  B23.75  19.51,81920,0.9250,Sperm Whale,66026
6602601Y,405  B23.75  3.466,81920,1.322,Sperm Whale,66026
6602601Z,405  B23.75  12.25,81920,1.153,Sperm Whale,66026
66026020,498  B23.75  15.27,81920,0.9844,Sperm Whale,66026
66026021,498  B23.75  18.38,81920,0.9844,Sperm Whale,66026
66026022,498  B23.75  20.86,81920,0.9844,Sperm Whale,66026
66026023,550  B23.75  0.0000,81920,0.7813,Sperm Whale,66026
66026024,550  B23.75  1.331,81920,0.7813,Sperm Whale,66026
66026025,550  B23.75  2.250,81920,0.9781,Sperm Whale,66026
66026026,550  B23.75  7.600,81920,1.156,Sperm Whale,66026
66026027,550  B23.75  10.23,81920,1.156,Sperm Whale,66026
72009001,790  B7.00,40960,7.00,Sperm Whale,72009
72009002,800  B7.00  1.650,40960,3.781,Sperm Whale,72009
72009003,807  B7.00  3.534,40960,1.891,Sperm Whale,72009
72009004,814  B7.00  2.596,40960,1.891,Sperm Whale,72009
72009005,814  B7.00  3.049,40960,3.431,Sperm Whale,72009
72009006,821  B7.00  2.025,40960,3.581,Sperm Whale,72009
72009007,0  B26:00  17:54.817,40000,86.482,Sperm Whale,72009
72009008,0  B26:00  17:54.817,40000,38.504,Sperm Whale,72009
72009009,0  B26:00  18:53.324,40000,27.719,Sperm Whale,72009
7200900A,0  B26:00  20:03.206,40000,44.523,Sperm Whale,72009
7200900B,0  B26:00  20:06.539,40000,20.921,Sperm Whale,72009
7200900C,0  B26:00  20:50.617,40000,175.210,Sperm Whale,72009
7200900E,,40000,44.346,Sperm Whale,72009
7200900F,20:53.352-21:51.903,160000,58.550,Sperm Whale,72009
7200900G,20:53.352-21:51.903,40000,58.550,Sperm Whale,72009
7200900H,20:53.352-21:51.903,40000,58.550,Sperm Whale,72009
7200900I,20:53.352-21:51.903,40000,58.550,Sperm Whale,72009
7200900J,20:53.352-21:51.903,40000,58.550,Sperm Whale,72009
7200900K,21:58.759-23:13.320,160000,1:14.561,Sperm Whale,72009
7200900L,21:58.759-23:13.320,40000,1:14.561,Sperm Whale,72009
7200900M,21:58.759-23:13.320,40000,1:14.561,Sperm Whale,72009
7200900N,21:58.759-23:13.320,40000,1:14.561,Sperm Whale,72009
7200900O,21:58.759-23:13.320,40000,1:14.561,Sperm Whale,72009
7200900P,7:09.049-26:31.147,44100,19:22.098,Sperm Whale,72009
75006001,566  B7:00  1:1.027,20000,1.17,Sperm Whale,75006
75006002,566  B7:00  1:3.566,20000,0.352,Sperm Whale,75006
75006003,566  B7:00  1:25.535,20000,0.352,Sperm Whale,75006
75006004,566  B7:00  1:45.739,20000,0.350,Sperm Whale,75006
75006005,566  B7:00  2:1.370,20000,0.350,Sperm Whale,75006
75006006,566  B7:00  2:16.108,20000,0.352,Sperm Whale,75006
75006007,567  B7:00  0:58.444,10000,1.177,Sperm Whale,75006
75006008,567  B7:00  1:1.285,10000,0.320,Sperm Whale,75006
75006009,567  B7:00  1:23.349,10000,0.320,Sperm Whale,75006
7500600A,567  B7:00  1:43.478,10000,0.320,Sperm Whale,75006
7500600B,567  B7:00  1:59.927,10000,0.320,Sperm Whale,75006
7500600C,567  B7:00  2:13.846,10000,0.320,Sperm Whale,75006
7500600D,567  B7:00  2:10.498,10000,0.320,Sperm Whale,75006
7500600E,567  B7:00  2:14.693,10000,0.320,Sperm Whale,75006
7500600F,567  B7:00  0:0.000,10000,0.320,Sperm Whale,75006
7500600G,567  B7:00  0:0.000,10000,0.320,Sperm Whale,75006
7500600H,692  B3:00  0:4.377,10000,0.320,Sperm Whale,75006
7500600I,692  B3:00  0:32.961,10000,0.320,Sperm Whale,75006
7500600J,692  B3:00  0:41.001,10000,0.320,Sperm Whale,75006
7500600K,692  B3:00  1:0.676,10000,0.320,Sperm Whale,75006
7500600L,692  B3:00  1:22.766,10000,0.320,Sperm Whale,75006
7500600M,692  B3:00  0:00.000,10000,77.504,Sperm Whale,75006
7500600N,692  B3:00  1:17.696,10000,77.696,Sperm Whale,75006
7500600O,692  B3:00  2:1.620,10000,0.320,Sperm Whale,75006
7500600P,692  B3:00  2:45.973,10000,0.320,Sperm Whale,75006
7500600Q,830  B3:00  0:00.000,10000,77.696,Sperm Whale,75006
7500600R,830  B3:00  0:15.234,10000,0.320,Sperm Whale,75006
7500600T,830  B3:00  1:17.657,10000,77.760,Sperm Whale,75006
7500600U,830  B3:00,10000,0.320,Sperm Whale,75006
7500600V,830  B3:00  2:21.715,10000,0.320,Sperm Whale,75006
7500600W,989  B3:00  0:00.000,10000,77.888,Sperm Whale,75006
7500600X,989  B3:00  1:17.760,10000,77.760,Sperm Whale,75006
7500600Y,989  B3:00  0:41.792,10000,0.320,Sperm Whale,75006
7500600Z,989  B3:00  1:52.479,10000,0.320,Sperm Whale,75006
75006010,1079  B4:00  0:00.000,10000,77.760,Sperm Whale,75006
75006012,1079  B4:00  1:18.800,10000,0.320,Sperm Whale,75006
75008001,93  3:00  2:38.919,10000,0.320,Sperm Whale,75008
75008002,190  3:00  2:41.995,10000,0.320,Sperm Whale,75008
75008003,293  3:00  0:37.814,10000,0.320,Sperm Whale,75008
75008004,402  3:00  2:19.100,10000,0.320,Sperm Whale,75008
75008005,518  3:00  2:46.806,10000,0.320,Sperm Whale,75008
75008006,643  3:00  2:41.596,10000,0.320,Sperm Whale,75008
75008007,778  3:00  2:32.340,10000,0.320,Sperm Whale,75008
75008008,930  3:00,10000,0.320,Sperm Whale,75008
75008009,1100  3:00  1:28.634,10000,0.320,Sperm Whale,75008
75009001,93  B3:00  2:13.828,10000,0.320,Sperm Whale,75009
75009002,189  B3:00  2:53.575,10000,0.320,Sperm Whale,75009
75009003,290  B3:00  2:22.549,10000,0.320,Sperm Whale,75009
75009004,510  B3:00  0:50.496,10000,0.320,Sperm Whale,75009
75009005,633  B3:00  1:49.584,10000,0.320,Sperm Whale,75009
75009006,770  B3:00  0:35.854,10000,0.320,Sperm Whale,75009
7501001G,93  B3:00  2:52.468,10000,0.320,Sperm Whale,75010
7501001H,189  B3:00  0:01.058,10000,0.320,Sperm Whale,75010
7501001I,289  B3:00  2:57.222,10000,0.320,Sperm Whale,75010
7501001J,396  B3:00  2:46.302,10000,0.320,Sperm Whale,75010
7501001K,510  B3:00  2:04.761,10000,0.320,Sperm Whale,75010
75011001,389  B47.50  36.64,40960,3.781,Sperm Whale,75011
75011002,389  B47.50  41.36,40960,3.781,Sperm Whale,75011
75011003,338  B47.50  5.921,40960,3.781,Sperm Whale,75011
75011004,338  B47.50  20.74,40960,3.781,Sperm Whale,75011
75011005,198  B6:00.00  0:00.061,166600,2.027,Sperm Whale,75011
75011006,198  B6:00.00  0:07.280,166600,2.566,Sperm Whale,75011
75011008,198  B6:00.00  0:18.961,166600,2.196,Sperm Whale,75011
75011009,198  B6:00.00  0:22.149,166600,2.285,Sperm Whale,75011
7501100B,198  B6:00.00  0:27.151,166600,1.833,Sperm Whale,75011
7501100C,198  B6:00.00  0:31.531,166600,2.217,Sperm Whale,75011
7501100D,198  B6:00.00  0:34.179,166600,2.333,Sperm Whale,75011
7501100E,198  B6:00.00  0:39.366,166600,2.401,Sperm Whale,75011
7501100F,198  B6:00.00  0:46.804,166600,2.750,Sperm Whale,75011
75011013,198  B6:00.00  2:56.739,166600,3.693,Sperm Whale,75011
75011014,198  B6:00.00  3:00.377,166600,2.514,Sperm Whale,75011
7501101H,198  B6:00.00  4:55.017,166600,3.854,Sperm Whale,75011
7501101I,198  B6:00.00  5:11.648,166600,3.588,Sperm Whale,75011
7501101K,198  B6:00.00  5:29.492,166600,2.791,Sperm Whale,75011
7501101L,198  B6:00.00  5:33.403,166600,2.133,Sperm Whale,75011
7501101M,198  B6:00.00  5:36.908,166600,2.215,Sperm Whale,75011
7501101N,198  B6:00.00  5:40.221,166600,3.310,Sperm Whale,75011
7501101O,198  B6:00.00  5:43.504,166600,2.149,Sperm Whale,75011
7501101P,198  B6:00.00  5:45.825,166600,3.942,Sperm Whale,75011
7501101Q,198  B6:00.00  5:49.781,166600,3.507,Sperm Whale,75011
7501101R,198  B6:00.00  5:54.285,166600,3.204,Sperm Whale,75011
7501101S,409  B6:00.00  6:03.542,166600,3.865,Sperm Whale,75011
7501101T,409  B6:00.00  6:06.649,166600,2.008,Sperm Whale,75011
7501101U,409  B6:00.00  6:08.617,166600,2.904,Sperm Whale,75011
7501101V,409  B6:00.00  6:11.603,166600,3.745,Sperm Whale,75011
7501101W,409  B6:00.00  6:16.204,166600,3.162,Sperm Whale,75011
7501101X,409  B6:00.00  6:19.379,166600,3.311,Sperm Whale,75011
75011021,409  B6:00.00  8:40.156,166600,3.107,Sperm Whale,75011
75011022,409  B6:00.00  8:43.983,166600,2.565,Sperm Whale,75011
75011023,409  B6:00.00  8:48.204,166600,3.230,Sperm Whale,75011
75011024,409  B6:00.00  8:51.434,166600,3.962,Sperm Whale,75011
75011025,409  B6:00.00  8:56.645,166600,2.673,Sperm Whale,75011
75011026,409  B6:00.00  9:02.074,166600,2.700,Sperm Whale,75011
75011027,409  B6:00.00  9:04.774,166600,2.212,Sperm Whale,75011
75011028,409  B6:00.00  9:08.384,166600,2.022,Sperm Whale,75011
75011029,409  B6:00.00  9:25.159,166600,2.714,Sperm Whale,75011
7501102A,409  B6:00.00  9:28.077,166600,1.981,Sperm Whale,75011
7501102B,409  B6:00.00  9:31.076,166600,2.863,Sperm Whale,75011
7501102C,409  B6:00.00  9:33.939,166600,2.307,Sperm Whale,75011
7501102D,409  B6:00.00  9:40.209,166600,3.216,Sperm Whale,75011
7501102H,409  B6:00.00  11:17.734,166600,3.596,Sperm Whale,75011
7501102I,409  B6:00.00  11:20.448,166600,3.840,Sperm Whale,75011
7501102J,409  B6:00.00  11:24.750,166600,3.555,Sperm Whale,75011
75011042,655  B6:00.00  15:58.799,166600,1.785,Sperm Whale,75011
75011043,655  B6:00.00  16:00.584,166600,2.704,Sperm Whale,75011
75011045,655  B6:00.00  16:05.021,166600,3.531,Sperm Whale,75011
75011046,655  B6:00.00  16:08.539,166600,2.940,Sperm Whale,75011
75011047,655  B6:00.00  16:11.480,166600,3.452,Sperm Whale,75011
75011048,655  B6:00.00  16:15.549,166600,3.859,Sperm Whale,75011
7501104B,655  B6:00.00  16:24.305,166600,2.126,Sperm Whale,75011
7501104C,655  B6:00.00  16:26.812,166600,2.034,Sperm Whale,75011
7501104D,655  B6:00.00  16:39.611,166600,1.982,Sperm Whale,75011
7501104E,655  B6:00.00  16:42.613,166600,1.870,Sperm Whale,75011
7501104H,655  B6:00.00  16:51.003,166600,3.361,Sperm Whale,75011
7501104I,655  B6:00.00  16:54.594,166600,2.304,Sperm Whale,75011
7501104J,655  B6:00.00  16:57.413,166600,3.063,Sperm Whale,75011
75012002,224  B7:00.00  0:37.564,166600,2.727,Sperm Whale,75012
75012003,224  B7:00.00  0:40.207,166600,3.013,Sperm Whale,75012
7501204H,480  B7:00.00  11:36.195,166600,2.242,Sperm Whale,75012
7501204I,480  B7:00.00  11:38.263,166600,3.053,Sperm Whale,75012
7501204J,480  B7:00.00  11:41.452,166600,2.415,Sperm Whale,75012
7501204K,480  B7:00.00  11:44.458,166600,2.638,Sperm Whale,75012
7501204L,480  B7:00.00  11:55.571,166600,2.309,Sperm Whale,75012
7501204M,480  B7:00.00  11:59.176,166600,3.305,Sperm Whale,75012
7501204N,480  B7:00.00  12:02.452,166600,1.778,Sperm Whale,75012
7501204O,480  B7:00.00  12:06.250,166600,2.841,Sperm Whale,75012
7501204P,480  B7:00.00  12:10.396,166600,3.295,Sperm Whale,75012
7501204Q,480  B7:00.00  12:14.851,166600,2.966,Sperm Whale,75012
7501204R,480  B7:00.00  12:19.528,166600,2.966,Sperm Whale,75012
7501204T,480  B7:00.00  12:24.727,166600,3.208,Sperm Whale,75012
7501204U,480  B7:00.00  12:28.844,166600,2.995,Sperm Whale,75012
7501204V,480  B7:00.00  12:31.782,166600,1.797,Sperm Whale,75012
7501204W,480  B7:00.00  12:34.662,166600,2.995,Sperm Whale,75012
77028004,205  B23.75  2.284,81920,0.562,Sperm Whale,77028
77028006,218  B23.75  11.42,81920,0.471,Sperm Whale,77028
77028007,120  B23.75  19.60,81920,0.2969,Sperm Whale,77028
7702800F,146  B23.75  16.84,81920,1.019,Sperm Whale,77028
7702800N,180  B23.75  3.553,81920,1.100,Sperm Whale,77028
7702800O,180  B23.75  4.441,81920,0.7062,Sperm Whale,77028
7702800P,180  B23.75  5.281,81920,1.147,Sperm Whale,77028
7702800Q,180  B23.75  6.753,81920,0.9937,Sperm Whale,77028
7702800T,180  B23.75  9.222,81920,1.366,Sperm Whale,77028
7702800U,180  B23.75  10.98,81920,1.253,Sperm Whale,77028
7702800V,180  B23.75  18.31,81920,1.387,Sperm Whale,77028
7702800X,192  B23.75  6.172,81920,1.772,Sperm Whale,77028
7702800Y,192  B23.75  9.212,81920,1.000,Sperm Whale,77028
77028019,218  B23.75  9.216,81920,1.366,Sperm Whale,77028
7702801A,218  B23.75  10.33,81920,1.153,Sperm Whale,77028
7702801C,218  B23.75  12.01,81920,0.931,Sperm Whale,77028
7702801F,218  B23.75  17.92,81920,1.728,Sperm Whale,77028
7702801J,231  B23.75  3.012,81920,0.7594,Sperm Whale,77028
7702801M,120  B23.75  19.60,81920,0.133,Sperm Whale,77028
7703500C,193  B6:00.00  3:04.169,166600,1.555,Sperm Whale,77035
7703500D,193  B6:00.00  3:10.109,166600,2.262,Sperm Whale,77035
7703500F,193  B6:00.00  3:15.991,166600,2.004,Sperm Whale,77035
7703500H,193  B6:00.00  3:21.365,166600,2.092,Sperm Whale,77035
7703500I,193  B6:00.00  3:24.137,166600,1.636,Sperm Whale,77035
7703500O,193  B6:00.00  3:37.002,166600,1.396,Sperm Whale,77035
7703500P,193  B6:00.00  3:42.465,166600,1.251,Sperm Whale,77035
7703500Q,193  B6:00.00  3:43.511,166600,1.718,Sperm Whale,77035
77035012,193  B6:00.00  5:53.077,166600,1.481,Sperm Whale,77035
77035018,193  B6:00.00  7:38.680,166600,2.130,Sperm Whale,77035
77035019,193  B6:00.00  7:41.625,166600,2.130,Sperm Whale,77035
7703501B,193  B6:00.00  7:49.908,166600,2.136,Sperm Whale,77035
7703501C,193  B6:00.00  8:04.412,166600,2.232,Sperm Whale,77035
7703501F,193  B6:00.00  9:05.631,166600,2.163,Sperm Whale,77035
7703501G,193  B6:00.00  10:40.421,166600,2.104,Sperm Whale,77035
7703501J,193  B6:00.00  10:54.513,166600,1.884,Sperm Whale,77035
83019001,008,40960,1,Sperm Whale,83019
83019002,55  B4  1.0,40960,1,Sperm Whale,83019
83019003,55  B4  1.0,40960,1,Sperm Whale,83019
83019004,48  B4  1.0,40960,1,Sperm Whale,83019
83019005,48  B4  1.0,40960,1,Sperm Whale,83019
83019006,218  B4  1.0,40960,1,Sperm Whale,83019
83019007,218  B4  1.0,40960,1,Sperm Whale,83019
83019008,220  B4  1.0,40960,1,Sperm Whale,83019
83019009,220  B4  1.0,40960,1,Sperm Whale,83019
8301900A,222 B5 1.0,40960,1.0,Sperm Whale,83019
8301900B,222  B4  1.0,40960,1,Sperm Whale,83019
8301900C,109  B23.75  0.004,81920,23.75,Sperm Whale,83019
8301900D,109  B23.75  0.040,81920,0.050,Sperm Whale,83019
8301900E,109  B23.75  0.175,81920,0.035,Sperm Whale,83019
8301900F,109  B23.75  0.233,81920,0.032,Sperm Whale,83019
8301900G,109  B23.75  0.280,81920,0.035,Sperm Whale,83019
8301900H,109  B23.75  0.322,81920,0.035,Sperm Whale,83019
8301900I,109  B23.75  0.369,81920,0.035,Sperm Whale,83019
8301900J,109  B23.75  0.422,81920,0.029,Sperm Whale,83019
8301900K,109  B23.75  0.478,81920,0.035,Sperm Whale,83019
8301900L,109  B23.75  0.550,81920,0.029,Sperm Whale,83019
8301900M,109  B23.75  0.628,81920,0.029,Sperm Whale,83019
8301900N,109  B23.75  0.717,81920,0.034,Sperm Whale,83019
8301900O,109  B23.75  0.787,81920,0.032,Sperm Whale,83019
8301900P,109  B23.75  0.842,81920,0.031,Sperm Whale,83019
8301900Q,109  B23.75  1.500,81920,0.032,Sperm Whale,83019
8301900R,109  B23.75  1.582,81920,0.034,Sperm Whale,83019
8301900S,109  B23.75  1.655,81920,0.034,Sperm Whale,83019
8301900T,109  B23.75  1.731,81920,0.038,Sperm Whale,83019
8301900U,109  B23.75  1.923,81920,0.040,Sperm Whale,83019
8301900V,109  B23.75  2.224,81920,0.034,Sperm Whale,83019
8301900W,109  B23.75  2.527,81920,0.036,Sperm Whale,83019
8301900X,109  B23.75  2.605,81920,0.040,Sperm Whale,83019
8301900Y,109  B23.75  3.039,81920,0.048,Sperm Whale,83019
8301900Z,109  B23.75  3.094,81920,0.037,Sperm Whale,83019
83019010,109  B23.75  3.153,81920,0.035,Sperm Whale,83019
83019011,109  B23.75  3.189,81920,0.028,Sperm Whale,83019
83019012,109  B23.75  3.244,81920,0.028,Sperm Whale,83019
83019013,109  B23.75  3.273,81920,0.035,Sperm Whale,83019
83019014,109  B23.75  3.308,81920,0.037,Sperm Whale,83019
83019015,109  B23.75  3.346,81920,0.041,Sperm Whale,83019
83019016,109  B23.75  3.388,81920,0.037,Sperm Whale,83019
83019017,109  B23.75  3.425,81920,0.044,Sperm Whale,83019
83019018,109  B23.75  3.469,81920,0.039,Sperm Whale,83019
83019019,109  B23.75  3.509,81920,0.035,Sperm Whale,83019
8301901A,109  B23.75  3.545,81920,0.026,Sperm Whale,83019
8301901B,109  B23.75  3.571,81920,0.035,Sperm Whale,83019
8301901C,109  B23.75  3.606,81920,0.041,Sperm Whale,83019
8301901D,109  B23.75  3.648,81920,0.033,Sperm Whale,83019
8301901E,109  B23.75  3.728,81920,0.039,Sperm Whale,83019
8301901F,109  B23.75  3.807,81920,0.035,Sperm Whale,83019
8301901G,109  B23.75  3.929,81920,0.039,Sperm Whale,83019
8301901H,109  B23.75  4.024,81920,0.048,Sperm Whale,83019
8301901I,109  B23.75  15.558,81920,0.059,Sperm Whale,83019
8301901J,109  B23.75  15.630,81920,0.053,Sperm Whale,83019
8301901K,109  B23.75  15.705,81920,0.053,Sperm Whale,83019
8301901L,109  B23.75  15.758,81920,0.056,Sperm Whale,83019
8301901M,109  B23.75  15.814,81920,0.062,Sperm Whale,83019
8301901N,109  B23.75  15.876,81920,0.065,Sperm Whale,83019
8301901O,109  B23.75  15.942,81920,0.062,Sperm Whale,83019
8301901P,109  B23.75  16.005,81920,0.062,Sperm Whale,83019
8301901Q,109  B23.75  16.270,81920,0.065,Sperm Whale,83019
8301901R,109  B23.75  16.723,81920,0.062,Sperm Whale,83019
8301901S,109  B23.75  16.801,81920,0.068,Sperm Whale,83019
84007001,370  B6:00  0.00,60600,287.102,Sperm Whale,84007
84007002,370  B6:00  1:1.213,60600,11.955,Sperm Whale,84007
84007003,370  B6:00  1:25.139,60600,11.997,Sperm Whale,84007
84007004,370  B6:00  1:37.125,60600,11.997,Sperm Whale,84007
84007005,370  B6:00  2:25.000,60600,11.997,Sperm Whale,84007
84014001,822,40960,0.946,Sperm Whale,84014
84014002,822,40960,0.946,Sperm Whale,84014
84014003,827,40960,0.946,Sperm Whale,84014
84014004,827,40960,0.946,Sperm Whale,84014
84014005,811,40960,0.946,Sperm Whale,84014
84014006,811,40960,0.946,Sperm Whale,84014
84014007,827  B47.50  0.00,40960,47.50,Sperm Whale,84014
84014008,870  B47.50  0.00,40960,47.50,Sperm Whale,84014
84014009,811  B47.50  39.11,40960,7.563,Sperm Whale,84014
8401400A,855  B47.50  7.781,40960,6.350,Sperm Whale,84014
8401400B,855  B47.50  14.81,40960,6.350,Sperm Whale,84014
8401400C,855  B47.50  22.91,40960,7.537,Sperm Whale,84014
84016001,10:34.974-11:18.936,160000,43.962,Sperm Whale,84016
84016002,10:34.974-11:18.936,40000,43.962,Sperm Whale,84016
84016003,10:34.974-11:18.936,40000,43.962,Sperm Whale,84016
84016004,10:34.974-11:18.936,40000,43.962,Sperm Whale,84016
84016005,10:34.974-11:18.936,40000,43.962,Sperm Whale,84016
84016007,14:15.326-14:58.945,40000,43.618,Sperm Whale,84016
84016008,14:15.326-14:58.945,40000,43.618,Sperm Whale,84016
84016009,14:15.326-14:58.945,40000,43.618,Sperm Whale,84016
8401600A,14:15.326-14:58.945,40000,43.618,Sperm Whale,84016
8401600B,0:00.000-21:00.000,44100,21:00.000,Sperm Whale,84016
8401600D,12:59.535-15:00.088,44100,2:00.552,Sperm Whale,84016
8401600E,17:02.384-20:41.820,44100,3:39.435,Sperm Whale,84016
84018001,11:9.333-12:44.949,160000,1:35.615,Sperm Whale,84018
84018002,11:9.333-12:44.949,40000,1:35.615,Sperm Whale,84018
84018003,11:9.333-12:44.949,40000,1:35.615,Sperm Whale,84018
84018004,11:9.333-12:44.949,40000,1:35.615,Sperm Whale,84018
84018005,11:9.333-12:44.949,40000,1:35.615,Sperm Whale,84018
84018006,18:1.409-19:57.312,160000,1:55.902,Sperm Whale,84018
84018007,18:1.409-19:57.312,160000,1:55.902,Sperm Whale,84018
84018008,18:1.409-19:57.312,160000,1:55.902,Sperm Whale,84018
84018009,18:1.409-19:57.312,160000,1:55.902,Sperm Whale,84018
8401800A,18:1.409-19:57.312,40000,1:55.902,Sperm Whale,84018
84020001,0  B10.0  9:39.929,40000,20.032,Sperm Whale,84020
84021001,0  B7:20.417  0:00.688,40000,1:30.824,Sperm Whale,84021
84021003,53  B47.5  24.40,40960,3.781,Sperm Whale,84021
85002001,455  B23.75  1.628,81920,3.581,Sperm Whale,85002
85002002,1104  B28:00  8:07.101,81600,5.744,Sperm Whale,85002
85002003,1104  B28:00  8:12.352,81600,7.836,Sperm Whale,85002
85002004,1104  B28:00  8:38.283,81600,4.595,Sperm Whale,85002
85002005,1104  B28:00  8:42.919,81600,4.677,Sperm Whale,85002
85002006,1104  B28:00  8:48.951,81600,2.092,Sperm Whale,85002
85002007,1104  B28:00  8:51.043,81600,7.139,Sperm Whale,85002
85002008,1104  B28:00  8:57.977,81600,3.323,Sperm Whale,85002
85002009,1104  B28:00  9:24.892,81600,11.160,Sperm Whale,85002
8500200A,1104  B28:00  9:38.268,81600,6.728,Sperm Whale,85002
8500200B,1104  B28:00  9:55.911,81600,6.400,Sperm Whale,85002
8500200C,1104  B28:00  10:15.112,81600,7.754,Sperm Whale,85002
8500200D,1104  B28:00  10:28.406,81600,7.057,Sperm Whale,85002
8500200E,1104  B28:00  10:35.135,81600,6.318,Sperm Whale,85002
8500200F,1104  B28:00  10:41.453,81600,7.221,Sperm Whale,85002
8500200G,1104  B28:00  10:50.028,81600,6.031,Sperm Whale,85002
8500200H,1104  B28:00  10:56.060,81600,6.851,Sperm Whale,85002
8500200I,1104  B28:00  11:04.265,81600,9.190,Sperm Whale,85002
8500200J,1104  B28:00  11:14.810,81600,7.262,Sperm Whale,85002
8500200K,1104  B28:00  11:24.780,81600,5.046,Sperm Whale,85002
8500200L,1104  B28:00  11:29.622,81600,5.251,Sperm Whale,85002
8500200M,1104  B28:00  11:36.186,81600,2.995,Sperm Whale,85002
8500200N,1104  B28:00  11:42.710,81600,6.482,Sperm Whale,85002
8500200O,1104  B28:00  11:51.285,81600,4.800,Sperm Whale,85002
8500200P,1104  B28:00  11:56.086,81600,6.236,Sperm Whale,85002
8500200Q,1104  B28:00  12:02.454,81600,5.025,Sperm Whale,85002
8500200R,1104  B28:00  12:07.480,81600,5.424,Sperm Whale,85002
8500200S,1104  B28:00  12:12.905,81600,4.101,Sperm Whale,85002
8500200T,1104  B28:00  12:18.068,81600,4.101,Sperm Whale,85002
8500200U,1104  B28:00  12:31.342,81600,7.321,Sperm Whale,85002
8500200V,1104  B28:00  12:38.365,81600,4.136,Sperm Whale,85002
8500200W,1104  B28:00  12:42.501,81600,5.256,Sperm Whale,85002
8500200X,1104  B28:00  12:47.586,81600,2.111,Sperm Whale,85002
8500200Y,1104  B28:00  12:49.395,81600,4.050,Sperm Whale,85002
8500200Z,1104  B28:00  12:53.834,81600,4.179,Sperm Whale,85002
85002010,1104  B28:00  17:54.437,81600,3.027,Sperm Whale,85002
85002011,1104  B28:00  17:57.465,81600,4.061,Sperm Whale,85002
85002012,1104  B28:00  19:53.702,81600,6.609,Sperm Whale,85002
85002013,1104  B28:00  20:00.016,81600,4.430,Sperm Whale,85002
85002014,1104  B28:00  20:04.151,81600,5.575,Sperm Whale,85002
85002015,1104  B28:00  20:10.281,81600,3.913,Sperm Whale,85002
85002016,1104  B28:00  20:14.527,81600,3.101,Sperm Whale,85002
85002017,1104  B28:00  20:17.629,81600,2.215,Sperm Whale,85002
85002018,1104  B28:00  20:24.349,81600,2.252,Sperm Whale,85002
85002019,1104  B28:00  20:29.924,81600,4.800,Sperm Whale,85002
8500201A,1104  B28:00  12:58.013,81600,3.791,Sperm Whale,85002
8500201B,1104  B28:00  13:01.805,81600,4.093,Sperm Whale,85002
8500201C,1104  B28:00  13:06.071,81600,1.637,Sperm Whale,85002
8500201D,1104  B28:00  13:09.561,81600,6.721,Sperm Whale,85002
8500201E,1104  B28:00  13:16.282,81600,2.326,Sperm Whale,85002
8500201F,1104  B28:00  13:19.169,81600,3.877,Sperm Whale,85002
8500201G,1104  B28:00  13:24.211,81600,6.032,Sperm Whale,85002
8500201H,1104  B28:00  13:37.999,81600,4.567,Sperm Whale,85002
8500201I,1104  B28:00  13:44.635,81600,4.222,Sperm Whale,85002
8500201J,1104  B28:00  13:48.857,81600,3.016,Sperm Whale,85002
8500201K,1104  B28:00  13:56.958,81600,4.265,Sperm Whale,85002
8500201L,1104  B28:00  14:16.089,81600,5.687,Sperm Whale,85002
8500201M,1104  B28:00  14:22.207,81600,4.481,Sperm Whale,85002
8500201N,1104  B28:00  14:29.274,81600,3.145,Sperm Whale,85002
8500201O,1104  B28:00  14:32.419,81600,1.680,Sperm Whale,85002
8500201P,1104  B28:00  14:35.479,81600,7.109,Sperm Whale,85002
8500201Q,1104  B28:00  14:41.683,81600,5.256,Sperm Whale,85002
8500201R,1104  B28:00  14:50.559,81600,4.308,Sperm Whale,85002
8500201S,1104  B28:00  14:55.558,81600,3.102,Sperm Whale,85002
8500201T,1104  B28:00  14:58.660,81600,4.136,Sperm Whale,85002
8500201U,1104  B28:00  15:06.279,81600,6.219,Sperm Whale,85002
8500201V,1104  B28:00  15:12.498,81600,4.270,Sperm Whale,85002
8500201W,1104  B28:00  15:16.566,81600,2.481,Sperm Whale,85002
8500201X,1104  B28:00  15:24.908,81600,4.392,Sperm Whale,85002
8500201Y,1104  B28:00  15:30.602,81600,1.789,Sperm Whale,85002
8500201Z,1104  B28:00  15:32.392,81600,8.704,Sperm Whale,85002
85002020,1104  B28:00  15:42.357,81600,7.646,Sperm Whale,85002
85002021,1104  B28:00  16:23.844,81600,10.005,Sperm Whale,85002
85002022,1104  B28:00  16:34.338,81600,3.945,Sperm Whale,85002
85002023,1104  B28:00  16:47.150,81600,5.572,Sperm Whale,85002
85002024,1104  B28:00  17:20.791,81600,3.974,Sperm Whale,85002
85002025,1104  B28:00  17:24.766,81600,6.135,Sperm Whale,85002
85002026,1104  B28:00  17:32.214,81600,5.325,Sperm Whale,85002
85002027,1104  B28:00  17:43.803,81600,2.766,Sperm Whale,85002
85002028,1104  B28:00  17:46.349,81600,3.027,Sperm Whale,85002
85002029,1104  B28:00  17:49.303,81600,3.913,Sperm Whale,85002
8500202A,1104  B28:00  24:29.487,81600,8.935,Sperm Whale,85002
8500202B,1104  B28:00  24:38.201,81600,3.101,Sperm Whale,85002
8500202C,1104  B28:00  24:41.118,81600,4.135,Sperm Whale,85002
8500202D,1104  B28:00  24:47.322,81600,2.436,Sperm Whale,85002
8500202E,1104  B28:00  24:51.605,81600,0.812,Sperm Whale,85002
8500202F,1104  B28:00  24:53.525,81600,3.470,Sperm Whale,85002
8500202G,1104  B28:00  24:56.590,81600,1.809,Sperm Whale,85002
8500202H,1104  B28:00  25:02.830,81600,2.510,Sperm Whale,85002
8500202I,1104  B28:00  25:15.384,81600,4.246,Sperm Whale,85002
8500202J,1104  B28:00  25:21.846,81600,3.987,Sperm Whale,85002
8500202K,1104  B28:00  25:28.012,81600,4.652,Sperm Whale,85002
8500202L,1104  B28:00  25:38.166,81600,6.166,Sperm Whale,85002
8500202M,1104  B28:00  25:57.957,81600,5.649,Sperm Whale,85002
8500202N,1104  B28:00  26:03.422,81600,2.658,Sperm Whale,85002
85003001,195  B23.75  16.18,81920,3.394,Sperm Whale,85003
85003002,567  B23.75  19.39,81920,3.775,Sperm Whale,85003
85003003,579  B23.75  19.82,81920,3.244,Sperm Whale,85003
85003004,521  B23.75  11.74,81920,1.525,Sperm Whale,85003
85003005,1104  B30:00  4:13.163,81600,6.976,Sperm Whale,85003
85003006,1104  B30:00  4:19.880,81600,6.066,Sperm Whale,85003
85003007,1104  B30:00  4:25.513,81600,4.810,Sperm Whale,85003
85003008,1104  B30:00  4:40.323,81600,2.135,Sperm Whale,85003
85003009,1104  B30:00  12:22.188,81600,11.050,Sperm Whale,85003
8500300A,1104  B30:00  12:38.124,81600,5.001,Sperm Whale,85003
8500300B,1104  B30:00  12:49.173,81600,8.268,Sperm Whale,85003
8500300C,1104  B30:00  12:57.584,81600,5.366,Sperm Whale,85003
8500300D,1104  B30:00  14:16.941,81600,3.464,Sperm Whale,85003
8500300E,1104  B30:00  21:57.541,81600,8.188,Sperm Whale,85003
85004001,487  B23.75  19.11,81920,3.775,Sperm Whale,85004
85004002,517  B23.75  17.03,81920,3.775,Sperm Whale,85004
85004003,63  B23.75  17.75,81920,3.412,Sperm Whale,85004
85004004,83  B23.75  18.06,81920,3.412,Sperm Whale,85004
85004005,144  B23.75  17.53,81920,3.412,Sperm Whale,85004
85004006,170  B23.75  18.50,81920,3.688,Sperm Whale,85004
85004007,305  B23.75  18.03,81920,3.644,Sperm Whale,85004
85005001,193  B23.75  19.62,81920,2.231,Sperm Whale,85005
85005002,196  B23.75  19.08,81920,2.231,Sperm Whale,85005
85005003,355  B23.75  14.16,81920,2.212,Sperm Whale,85005
85005004,355  B23.75  18.91,81920,1.881,Sperm Whale,85005
85005005,361  B23.75  14.48,81920,1.850,Sperm Whale,85005
85005006,413  B23.75  19.47,81920,3.769,Sperm Whale,85005
85005007,1101  B27:00  20:34.437,81600,1.493,Sperm Whale,85005
85005008,1101  B27:00  20:38.699,81600,1.380,Sperm Whale,85005
85010001,129  B23.75  11.65,81920,3.081,Sperm Whale,85010
85010002,37  B23.75  16.57,81920,3.769,Sperm Whale,85010
85010003,82  B23.75  16.72,81920,3.662,Sperm Whale,85010
85010004,362  B23.75  14.73,81920,1.900,Sperm Whale,85010
85010005,388  B23.75  8.384,81920,11.77,Sperm Whale,85010
85010006,752  B23.75  14.08,81920,2.994,Sperm Whale,85010
85010007,1109  B27:00  12:55.492,81600,3.843,Sperm Whale,85010
87009001,0  B26:23.138  1:48.341,40000,0.187,Sperm Whale,87009
87009002,0  B26:23.138  1:51.342,40000,0.321,Sperm Whale,87009
87009003,0  B26:23.138  1:54.142,40000,0.353,Sperm Whale,87009
87009004,0  B26:23.138  1:59.156,40000,0.281,Sperm Whale,87009
87009005,0  B26:23.138  2:01.521,40000,0.367,Sperm Whale,87009
87009006,0  B26:23.138  2:44.727,40000,0.419,Sperm Whale,87009
87009008,0  B26:23.138  2:47.802,40000,0.810,Sperm Whale,87009
87009009,0  B26:23.138  2:58.195,40000,0.560,Sperm Whale,87009
8700900A,0  B26:23.138  3:00.603,40000,0.424,Sperm Whale,87009
8700900B,0  B26:23.138  3:03.430,40000,0.475,Sperm Whale,87009
8700900C,0  B26:23.138  4:16.158,40000,0.431,Sperm Whale,87009
8700900D,0  B26:23.138  10:35.626,40000,1.366,Sperm Whale,87009
8700900E,0  B26:23.138  12:38.870,40000,0.912,Sperm Whale,87009
8700900F,0  B26:23.138  12:58.364,40000,0.499,Sperm Whale,87009
8700900G,0  B26:23.138  14:22.789,40000,0.439,Sperm Whale,87009
8700900H,0  B26:23.138  16:36.712,40000,0.952,Sperm Whale,87009
8700900I,0  B26:23.138  16:39.374,40000,0.823,Sperm Whale,87009
8700900J,0  B26:23.138  16:43.879,40000,0.961,Sperm Whale,87009
8700900K,0  B26:23.138  16:50.059,40000,0.414,Sperm Whale,87009
8700900L,0  B26:23.138  19:55.918,40000,0.318,Sperm Whale,87009
8700900M,0  B26:23.138  20:00.349,40000,0.315,Sperm Whale,87009
8700900N,0  B26:23.138  22:11.779,40000,1.405,Sperm Whale,87009
8700900O,0  B26:23.138  22:15.321,40000,0.264,Sperm Whale,87009
8700900P,0  B26:23.138  22:27.624,40000,0.186,Sperm Whale,87009
8700900Q,0  B26:23.138  23:22.299,40000,0.387,Sperm Whale,87009
8700900R,0  B26:23.138  23:30.235,40000,0.858,Sperm Whale,87009
8700900S,0  B26:23.138  23:35.729,40000,0.680,Sperm Whale,87009
8700900T,0  B26:23.138  23:38.882,40000,0.933,Sperm Whale,87009
8700900U,0  B26:23.138  23:40.354,40000,0.969,Sperm Whale,87009
8700900V,0  B26:23.138  23:43.409,40000,0.317,Sperm Whale,87009
8700900W,0  B26:23.138  23:45.442,40000,1.692,Sperm Whale,87009
8700900X,0  B26:23.138  23:48.741,40000,1.026,Sperm Whale,87009
8700900Y,0  B26:23.138  23:52.325,40000,1.782,Sperm Whale,87009
8700900Z,0  B26:23.138  24:05.846,40000,1.098,Sperm Whale,87009
87009010,0  B26:23.138  24:08.119,40000,1.352,Sperm Whale,87009
87011001,52,40960,47.5,Sperm Whale,87011
87011002,52,40960,47.5,Sperm Whale,87011
87017001,19,40960,1.89,Sperm Whale,87017
87017002,26,40960,3.999,Sperm Whale,87017
87017003,37,40960,2.274,Sperm Whale,87017
87017004,37,40960,1.706,Sperm Whale,87017
87017005,37,60600,3.571,Sperm Whale,87017
88002001,700  B28:00.00  0:08.076,81600,4.592,Sperm Whale,88002
88002002,700  B28:00.00  0:18.122,81600,5.449,Sperm Whale,88002
88002003,700  B28:00.00  0:23.277,81600,5.285,Sperm Whale,88002
88002004,700  B28:00.00  0:29.514,81600,5.384,Sperm Whale,88002
88002005,700  B28:00.00  0:35.719,81600,5.515,Sperm Whale,88002
88002006,700  B28:00.00  0:41.235,81600,5.417,Sperm Whale,88002
88002007,700  B28:00.00  0:46.652,81600,2.889,Sperm Whale,88002
88002008,700  B28:00.00  0:52.529,81600,2.101,Sperm Whale,88002
88002009,700  B28:00.00  0:56.731,81600,2.363,Sperm Whale,88002
8800200A,700  B28:00.00  0:59.095,81600,3.939,Sperm Whale,88002
8800200B,700  B28:00.00  1:07.303,81600,5.154,Sperm Whale,88002
8800200C,700  B28:00.00  1:16.430,81600,3.480,Sperm Whale,88002
8800200D,700  B28:00.00  1:19.910,81600,2.363,Sperm Whale,88002
8800200E,700  B28:00.00  1:22.077,81600,1.772,Sperm Whale,88002
8800200F,700  B28:00.00  1:26.837,81600,0.558,Sperm Whale,88002
8800200G,700  B28:00.00  1:28.413,81600,1.608,Sperm Whale,88002
8800200H,700  B28:00.00  1:30.022,81600,4.202,Sperm Whale,88002
8800200I,700  B28:00.00  1:34.552,81600,3.775,Sperm Whale,88002
8800200J,700  B28:00.00  1:38.689,81600,3.053,Sperm Whale,88002
8800200K,700  B28:00.00  1:42.038,81600,0.426,Sperm Whale,88002
8800200L,700  B28:00.00  1:42.465,81600,3.414,Sperm Whale,88002
8800200M,700  B28:00.00  1:50.607,81600,2.889,Sperm Whale,88002
8800200N,700  B28:00.00  1:55.663,81600,3.151,Sperm Whale,88002
8800200O,700  B28:00.00  1:58.814,81600,4.990,Sperm Whale,88002
8800200P,700  B28:00.00  2:04.855,81600,0.656,Sperm Whale,88002
8800200Q,700  B28:00.00  2:16.576,81600,8.142,Sperm Whale,88002
8800200R,700  B28:00.00  2:24.291,81600,5.942,Sperm Whale,88002
8800200S,700  B28:00.00  2:32.072,81600,1.838,Sperm Whale,88002
8800200T,700  B28:00.00  2:36.066,81600,3.581,Sperm Whale,88002
8800200U,700  B28:00.00  2:40.691,81600,0.654,Sperm Whale,88002
8800200V,700  B28:00.00  2:42.656,81600,0.613,Sperm Whale,88002
8800200W,700  B28:00.00  2:44.682,81600,0.470,Sperm Whale,88002
8800200X,700  B28:00.00  2:45.399,81600,4.256,Sperm Whale,88002
8800200Y,700  B28:00.00  2:50.393,81600,2.210,Sperm Whale,88002
8800200Z,700  B28:00.00  2:52.603,81600,2.333,Sperm Whale,88002
8800201A,700  B28:00.00  3:07.154,81600,12.299,Sperm Whale,88002
8800201B,700  B28:00.00  3:19.454,81600,9.168,Sperm Whale,88002
8800201C,700  B28:00.00  3:29.625,81600,2.517,Sperm Whale,88002
8800201D,700  B28:00.00  3:35.151,81600,4.768,Sperm Whale,88002
8800201E,700  B28:00.00  3:40.431,81600,2.599,Sperm Whale,88002
8800201F,700  B28:00.00  3:44.831,81600,5.566,Sperm Whale,88002
8800201G,700  B28:00.00  3:51.380,81600,1.637,Sperm Whale,88002
8800201H,700  B28:00.00  3:54.819,81600,6.876,Sperm Whale,88002
8800201I,700  B28:00.00  4:01.695,81600,5.075,Sperm Whale,88002
8800201J,700  B28:00.00  4:06.934,81600,5.873,Sperm Whale,88002
8800201K,700  B28:00.00  4:16.021,81600,9.311,Sperm Whale,88002
8800201L,700  B28:00.00  4:31.657,81600,9.209,Sperm Whale,88002
8800201M,700  B28:00.00  4:43.730,81600,28.627,Sperm Whale,88002
8800201N,700  B28:00.00  5:45.243,81600,29.406,Sperm Whale,88002
8800201O,700  B28:00.00  6:36.143,81600,6.760,Sperm Whale,88002
8800201P,700  B28:00.00  6:42.904,81600,7.683,Sperm Whale,88002
8800201Q,700  B28:00.00  7:08.790,81600,4.889,Sperm Whale,88002
8800201R,700  B28:00.00  7:13.680,81600,9.485,Sperm Whale,88002
8800201S,700  B28:00.00  7:25.849,81600,5.808,Sperm Whale,88002
8800201T,700  B28:00.00  7:32.319,81600,5.808,Sperm Whale,88002
8800201U,700  B28:00.00  7:42.319,81600,5.588,Sperm Whale,88002
8800201V,700  B28:00.00  7:52.209,81600,4.522,Sperm Whale,88002
8800201W,700  B28:00.00  7:57.503,81600,6.286,Sperm Whale,88002
8800201X,700  B28:00.00  8:06.437,81600,4.448,Sperm Whale,88002
8800201Y,700  B28:00.00  8:10.555,81600,3.345,Sperm Whale,88002
8800201Z,700  B28:00.00  8:18.606,81600,3.823,Sperm Whale,88002
88002020,700  B28:00.00  8:22.430,81600,6.176,Sperm Whale,88002
88002021,700  B28:00.00  8:29.378,81600,3.492,Sperm Whale,88002
88002022,700  B28:00.00  8:33.275,81600,6.727,Sperm Whale,88002
88002023,700  B28:00.00  8:40.591,81600,7.647,Sperm Whale,88002
88002024,700  B28:00.00  8:52.908,81600,5.294,Sperm Whale,88002
88002025,700  B28:00.00  8:58.202,81600,7.058,Sperm Whale,88002
88002026,700  B28:00.00  9:05.261,81600,5.882,Sperm Whale,88002
88002027,700  B28:00.00  9:10.939,81600,10.425,Sperm Whale,88002
88002028,700  B28:00.00  9:20.759,81600,5.479,Sperm Whale,88002
88002029,700  B28:00.00  9:31.060,81600,9.205,Sperm Whale,88002
8800202A,700  B28:00.00  9:42.852,81600,3.682,Sperm Whale,88002
8800202B,700  B28:00.00  9:46.534,81600,4.558,Sperm Whale,88002
8800202C,700  B28:00.00  9:51.882,81600,5.172,Sperm Whale,88002
8800202D,700  B28:00.00  9:57.055,81600,6.663,Sperm Whale,88002
8800202E,700  B28:00.00  10:41.066,81600,9.380,Sperm Whale,88002
8800202F,700  B28:00.00  10:52.463,81600,10.213,Sperm Whale,88002
8800202G,700  B28:00.00  11:03.553,81600,6.794,Sperm Whale,88002
8800202H,700  B28:00.00  11:10.348,81600,6.312,Sperm Whale,88002
8800202I,700  B28:00.00  11:16.660,81600,5.961,Sperm Whale,88002
8800202J,700  B28:00.00  11:21.745,81600,5.610,Sperm Whale,88002
8800202K,700  B28:00.00  11:28.014,81600,6.706,Sperm Whale,88002
8800202L,700  B28:00.00  11:35.378,81600,5.654,Sperm Whale,88002
8800202M,700  B28:00.00  11:41.033,81600,5.610,Sperm Whale,88002
8800202N,700  B28:00.00  11:46.644,81600,4.032,Sperm Whale,88002
8800202O,700  B28:00.00  11:52.606,81600,8.504,Sperm Whale,88002
8800202P,700  B28:00.00  12:03.126,81600,9.424,Sperm Whale,88002
8800202Q,700  B28:00.00  12:17.855,81600,9.468,Sperm Whale,88002
8800202R,700  B28:00.00  12:27.806,81600,8.854,Sperm Whale,88002
8800202S,700  B28:00.00  12:39.598,81600,8.065,Sperm Whale,88002
8800202T,700  B28:00.00  12:53.625,81600,7.715,Sperm Whale,88002
8800202U,700  B28:00.00  13:08.398,81600,5.567,Sperm Whale,88002
8800202V,700  B28:00.00  13:13.570,81600,5.654,Sperm Whale,88002
8800202W,700  B28:00.00  13:19.883,81600,5.654,Sperm Whale,88002
8800202X,700  B28:00.00  13:25.537,81600,4.208,Sperm Whale,88002
8800202Y,700  B28:00.00  13:49.384,81600,14.027,Sperm Whale,88002
8800202Z,3:39.878-8:40.129,44100,5:00.251,Sperm Whale,88002
90007006,16:14.309-18:32.998,160000,2:18.689,Sperm Whale,90007
90007007,16:14.309-18:32.998,40000,2:18.689,Sperm Whale,90007
90007008,16:14.309-18:32.998,40000,2:18.689,Sperm Whale,90007
90007009,16:14.309-18:32.998,40000,2:18.689,Sperm Whale,90007
9000700A,16:14.309-18:32.998,40000,2:18.689,Sperm Whale,90007
9000700B,22:35.361-27:6.648,160000,4:31.286,Sperm Whale,90007
9000700C,22:35.361-27:6.648,40000,4:31.286,Sperm Whale,90007
9000700D,22:35.361-27:6.648,40000,4:31.286,Sperm Whale,90007
9000700E,22:35.361-27:6.648,40000,4:31.286,Sperm Whale,90007
9000700F,22:35.361-27:6.648,40000,4:31.286,Sperm Whale,90007
90008001,0:3.227-2:6.221,160000,2:2.994,Sperm Whale,90008
90008002,0:3.227-2:6.221,40000,2:2.994,Sperm Whale,90008
90008003,0:3.227-2:6.221,40000,2:2.994,Sperm Whale,90008
90008004,0:3.227-2:6.221,40000,2:2.994,Sperm Whale,90008
90008005,0:3.227-2:6.221,40000,2:2.994,Sperm Whale,90008
90008006,7:26.832-8:35.120,160000,1:8.287,Sperm Whale,90008
90008007,7:26.832-8:35.120,40000,1:8.287,Sperm Whale,90008
90008008,7:26.832-8:35.120,40000,1:8.287,Sperm Whale,90008
90008009,7:26.832-8:35.120,40000,1:8.287,Sperm Whale,90008
9000800A,7:26.832-8:35.120,40000,1:8.287,Sperm Whale,90008
9000800B,16:45.487-21:16.412,160000,4:30.925,Sperm Whale,90008
9000800C,16:45.487-21:16.412,40000,4:30.925,Sperm Whale,90008
9000800D,16:45.487-21:16.412,40000,4:30.925,Sperm Whale,90008
9000800E,16:45.487-21:16.412,40000,4:30.925,Sperm Whale,90008
9000800F,16:45.487-21:16.412,40000,4:30.925,Sperm Whale,90008
90009001,,,,Sperm Whale,90009
90009002,7:31.800-10:42.224,40000,3:10.423,Sperm Whale,90009
90009003,7:31.800-10:42.224,40000,3:10.423,Sperm Whale,90009
90009004,7:31.800-10:42.224,40000,3:10.423,Sperm Whale,90009
90009005,7:31.800-10:42.224,40000,3:10.423,Sperm Whale,90009
90009006,20:44.007-24:23.157,160000,3:39.149,Sperm Whale,90009
90009007,20:44.007-24:23.157,40000,3:39.149,Sperm Whale,90009
90009008,20:44.007-24:23.157,40000,3:39.149,Sperm Whale,90009
90009009,20:44.007-24:23.157,40000,3:39.149,Sperm Whale,90009
9000900A,20:44.007-24:23.157,40000,3:39.149,Sperm Whale,90009
90010001,0:1.804-4:48.746,160000,4:46.942,Sperm Whale,90010
90010002,0:1.804-4:48.746,40000,4:46.942,Sperm Whale,90010
90010003,0:1.804-4:48.746,40000,4:46.942,Sperm Whale,90010
90010004,0:1.804-4:48.746,40000,4:46.942,Sperm Whale,90010
90010005,0:1.804-4:48.746,40000,4:46.942,Sperm Whale,90010
90010006,18:20.250-19:41.620,160000,1:21.370,Sperm Whale,90010
90010007,18:20.250-19:41.620,40000,1:21.370,Sperm Whale,90010
90010008,18:20.250-19:41.620,40000,1:21.370,Sperm Whale,90010
90010009,18:20.250-19:41.620,40000,1:21.370,Sperm Whale,90010
9001000A,18:20.250-19:41.620,40000,1:21.370,Sperm Whale,90010
9001000B,20:40.482-21:49.138,160000,1:8.655,Sperm Whale,90010
9001000C,20:40.482-21:49.138,40000,1:8.655,Sperm Whale,90010
9001000D,20:40.482-21:49.138,40000,1:8.655,Sperm Whale,90010
9001000E,20:40.482-21:49.138,40000,1:8.655,Sperm Whale,90010
9001000F,20:40.482-21:49.138,40000,1:8.655,Sperm Whale,90010
90011001,10:17.971-21:56.655,160000,11:38.684,Sperm Whale,90011
90011002,10:17.971-21:56.655,40000,11:38.684,Sperm Whale,90011
90011003,10:17.971-21:56.655,40000,11:38.684,Sperm Whale,90011
90011004,10:17.971-21:56.655,40000,11:38.684,Sperm Whale,90011
90011005,10:17.971-21:56.655,40000,11:38.684,Sperm Whale,90011
90027005,402  B12:00  2:58.213,166600,2.534,Sperm Whale,90027
90027006,402  B12:00  3:00.655,166600,2.395,Sperm Whale,90027
90027014,402  B12:00  4:24.287,166600,1.625,Sperm Whale,90027
9002701Y,402  B12:00  5:37.171,166600,2.185,Sperm Whale,90027
90027025,402  B12:00  5:52.253,166600,2.185,Sperm Whale,90027
90027026,402  B12:00  5:54.439,166600,2.185,Sperm Whale,90027
90027029,402  B12:00  6:06.679,166600,2.185,Sperm Whale,90027
9002702C,402  B12:00  6:15.423,166600,1.707,Sperm Whale,90027
90033001,20:40.020-26:2.973,160000,5:22.953,Sperm Whale,90033
90033002,20:40.020-26:2.973,40000,5:22.953,Sperm Whale,90033
90033003,20:40.020-26:2.973,40000,5:22.953,Sperm Whale,90033
90033004,20:40.020-26:2.973,40000,5:22.953,Sperm Whale,90033
90033005,20:40.020-26:2.973,40000,5:22.953,Sperm Whale,90033
90039001,0:31.116-1:53.771,160000,1:22.654,Sperm Whale,90039
90039002,0:31.116-1:53.771,40000,1:22.654,Sperm Whale,90039
90039003,0:31.116-1:53.771,40000,1:22.654,Sperm Whale,90039
90039004,0:31.116-1:53.771,40000,1:22.654,Sperm Whale,90039
90039005,0:31.116-1:53.771,40000,1:22.654,Sperm Whale,90039
90039006,5:24.605-6:53.794,160000,1:29.189,Sperm Whale,90039
90039007,5:24.605-6:53.794,40000,1:29.189,Sperm Whale,90039
90039008,5:24.605-6:53.794,40000,1:29.189,Sperm Whale,90039
90039009,5:24.605-6:53.794,40000,1:29.189,Sperm Whale,90039
9003900A,5:24.605-6:53.794,40000,1:29.189,Sperm Whale,90039
90043001,13:31.126-20:17.998,160000,6:46.871,Sperm Whale,90043
90043002,13:31.126-20:17.998,40000,6:46.871,Sperm Whale,90043
90043003,13:31.126-20:17.998,40000,6:46.871,Sperm Whale,90043
90043004,13:31.126-20:17.998,40000,6:46.871,Sperm Whale,90043
90043005,13:31.126-20:17.998,40000,6:46.871,Sperm Whale,90043
90046001,0:43.325-1:11.988,160000,28.662,Sperm Whale,90046
90046002,0:43.325-1:11.988,40000,28.662,Sperm Whale,90046
90046003,0:43.325-1:11.988,40000,28.662,Sperm Whale,90046
90046004,0:43.325-1:11.988,40000,28.662,Sperm Whale,90046
90046005,0:43.325-1:11.988,40000,28.662,Sperm Whale,90046
90046006,7:19.906-8:28.769,160000,1:18.863,Sperm Whale,90046
90046007,7:19.906-8:28.769,40000,1:18.863,Sperm Whale,90046
90046008,7:19.906-8:28.769,40000,1:18.863,Sperm Whale,90046
90046009,7:19.906-8:28.769,40000,1:18.863,Sperm Whale,90046
9004600A,7:19.906-8:28.769,40000,1:18.863,Sperm Whale,90046
9004600B,12:43.943-13:45.062,160000,1:1.118,Sperm Whale,90046
9004600C,12:43.943-13:45.062,40000,1:1.118,Sperm Whale,90046
9004600D,12:43.943-13:45.062,40000,1:1.118,Sperm Whale,90046
9004600E,12:43.943-13:45.062,40000,1:1.118,Sperm Whale,90046
9004600F,12:43.943-13:45.062,40000,1:1.118,Sperm Whale,90046
9004600G,15:11.139-17:50.778,160000,2:39.638,Sperm Whale,90046
9004600H,15:11.139-17:50.778,40000,2:39.638,Sperm Whale,90046
9004600I,15:11.139-17:50.778,40000,2:39.638,Sperm Whale,90046
9004600J,15:11.139-17:50.778,40000,2:39.638,Sperm Whale,90046
9004600K,15:11.139-17:50.778,40000,2:39.638,Sperm Whale,90046
9004600L,17:52.397-20:20.528,160000,2:28.130,Sperm Whale,90046
9004600M,17:52.397-20:20.528,40000,2:28.130,Sperm Whale,90046
9004600N,17:52.397-20:20.528,40000,2:28.130,Sperm Whale,90046
9004600O,17:52.397-20:20.528,40000,2:28.130,Sperm Whale,90046
9004600P,17:52.397-20:20.528,40000,2:28.130,Sperm Whale,90046
9004600Q,24:35.929-27:29.894,160000,2:53.964,Sperm Whale,90046
9004600R,24:35.929-27:29.894,40000,2:53.964,Sperm Whale,90046
9004600S,24:35.929-27:29.894,40000,2:53.964,Sperm Whale,90046
9004600T,24:35.929-27:29.894,40000,2:53.964,Sperm Whale,90046
9004600U,24:35.929-27:29.894,40000,2:53.964,Sperm Whale,90046
9004600V,5:10.473-29:26.404,44100,24:15.931,Sperm Whale,90046
90065001,0.000-2:9.214,160000,2:9.214,Sperm Whale,90065
90065002,0.000-2:9.214,40000,2:9.214,Sperm Whale,90065
90065003,0.000-2:9.214,40000,2:9.214,Sperm Whale,90065
90065004,0.000-2:9.214,40000,2:9.214,Sperm Whale,90065
90065005,0.000-2:9.214,40000,2:9.214,Sperm Whale,90065
90065006,2:14.508-2:55.232,160000,40.723,Sperm Whale,90065
90065007,2:14.508-2:55.232,40000,40.723,Sperm Whale,90065
90065008,2:14.508-2:55.232,40000,40.723,Sperm Whale,90065
90065009,2:14.508-2:55.232,40000,40.723,Sperm Whale,90065
9006500A,2:14.508-2:55.232,40000,40.723,Sperm Whale,90065
9006500B,3:6.260-5:0.093,160000,2:2.833,Sperm Whale,90065
9006500C,3:6.260-5:0.093,40000,2:2.833,Sperm Whale,90065
9006500D,3:6.260-5:0.093,40000,2:2.833,Sperm Whale,90065
9006500E,3:6.260-5:0.093,40000,2:2.833,Sperm Whale,90065
9006500F,3:6.260-5:0.093,40000,2:2.833,Sperm Whale,90065
9006500G,6:37.756-7:41.808,160000,1:4.051,Sperm Whale,90065
9006500H,6:37.756-7:41.808,40000,1:4.051,Sperm Whale,90065
9006500I,6:37.756-7:41.808,40000,1:4.051,Sperm Whale,90065
9006500J,6:37.756-7:41.808,40000,1:4.051,Sperm Whale,90065
9006500K,6:37.756-7:41.808,40000,1:4.051,Sperm Whale,90065
9006500L,7:40.870-8:58.277,160000,1:17.407,Sperm Whale,90065
9006500M,7:40.870-8:58.277,40000,1:17.407,Sperm Whale,90065
9006500N,7:40.870-8:58.277,40000,1:17.407,Sperm Whale,90065
9006500O,7:40.870-8:58.277,40000,1:17.407,Sperm Whale,90065
9006500P,7:40.870-8:58.277,40000,1:17.407,Sperm Whale,90065
9006500Q,10:0.177-10:13.916,160000,13.739,Sperm Whale,90065
9006500R,10:0.177-10:13.916,40000,13.739,Sperm Whale,90065
9006500S,10:0.177-10:13.916,40000,13.739,Sperm Whale,90065
9006500T,10:0.177-10:13.916,40000,13.739,Sperm Whale,90065
9006500U,10:0.177-10:13.916,40000,13.739,Sperm Whale,90065
9006500V,18:3.502-18:49.829,160000,46.327,Sperm Whale,90065
9006500W,18:3.502-18:49.829,40000,46.327,Sperm Whale,90065
9006500X,18:3.502-18:49.829,40000,46.327,Sperm Whale,90065
9006500Y,18:3.502-18:49.829,40000,46.327,Sperm Whale,90065
9006500Z,18:3.502-18:49.829,40000,46.327,Sperm Whale,90065
91003001,322  B23.75  0.0125,81920,23.75,Sperm Whale,91003
91003002,337  B23.75  0.0125,81920,23.75,Sperm Whale,91003
91003003,352  B23.75  0.01875,81920,23.75,Sperm Whale,91003
91003005,386  B23.75  0.0125,81920,23.75,Sperm Whale,91003
91003006,322  B23.75  0.578,81920,0.244,Sperm Whale,91003
91003007,322  B23.75  1.463,81920,0.226,Sperm Whale,91003
91003008,322  B23.75  2.301,81920,0.197,Sperm Whale,91003
91003009,322  B23.75  3.138,81920,0.206,Sperm Whale,91003
9100300A,322  B23.75  4.034,81920,0.177,Sperm Whale,91003
9100300B,322  B23.75  5.748,81920,0.167,Sperm Whale,91003
9100300C,322  B23.75  6.599,81920,0.198,Sperm Whale,91003
9100300D,322  B23.75  7.463,81920,0.178,Sperm Whale,91003
9100300E,322  B23.75  8.346,81920,0.198,Sperm Whale,91003
9100300F,322  B23.75  10.201,81920,0.178,Sperm Whale,91003
9100300G,322  B23.75  11.212,81920,0.178,Sperm Whale,91003
9100300H,322  B23.75  13.907,81920,0.171,Sperm Whale,91003
9100300I,322  B23.75  14.744,81920,0.171,Sperm Whale,91003
9100300J,322  B23.75  15.571,81920,0.180,Sperm Whale,91003
9100300K,337  B23.75  0.238,81920,0.202,Sperm Whale,91003
9100300L,337  B23.75  1.080,81920,0.174,Sperm Whale,91003
9100300M,337  B23.75  1.922,81920,0.164,Sperm Whale,91003
9100300N,337  B23.75  2.783,81920,0.164,Sperm Whale,91003
9100300O,337  B23.75  3.654,81920,0.174,Sperm Whale,91003
9100300P,337  B23.75  4.473,81920,0.180,Sperm Whale,91003
9100300Q,337  B23.75  5.401,81920,0.180,Sperm Whale,91003
9100300R,337  B23.75  6.361,81920,0.180,Sperm Whale,91003
9100300S,337  B23.75  7.258,81920,0.190,Sperm Whale,91003
9100300T,337  B23.75  8.197,81920,0.180,Sperm Whale,91003
9100300U,337  B23.75  9.146,81920,0.169,Sperm Whale,91003
9100300V,337  B23.75  10.099,81920,0.161,Sperm Whale,91003
9100300W,337  B23.75  10.927,81920,0.152,Sperm Whale,91003
9100300X,337  B23.75  11.745,81920,0.152,Sperm Whale,91003
9100300Y,337  B23.75  12.555,81920,0.161,Sperm Whale,91003
9100300Z,337  B23.75  13.400,81920,0.178,Sperm Whale,91003
91003010,337  B23.75  14.218,81920,0.178,Sperm Whale,91003
91003011,352  B23.75  0.479,81920,0.240,Sperm Whale,91003
91003012,352  B23.75  1.432,81920,0.201,Sperm Whale,91003
91003013,352  B23.75  2.319,81920,0.188,Sperm Whale,91003
91003014,352  B23.75  3.233,81920,0.188,Sperm Whale,91003
91003015,352  B23.75  4.303,81920,0.214,Sperm Whale,91003
91003016,352  B23.75  5.529,81920,0.214,Sperm Whale,91003
91003017,352  B23.75  6.862,81920,0.193,Sperm Whale,91003
91003018,352  B23.75  8.079,81920,0.178,Sperm Whale,91003
91003019,352  B23.75  12.281,81920,0.207,Sperm Whale,91003
9100301A,352  B23.75  13.172,81920,0.178,Sperm Whale,91003
9100301B,386  B23.75  1.040,81920,0.163,Sperm Whale,91003
9100301C,386  B23.75  1.731,81920,0.172,Sperm Whale,91003
9100301D,386  B23.75  2.456,81920,0.172,Sperm Whale,91003
9100301E,386  B23.75  3.155,81920,0.172,Sperm Whale,91003
9100301F,386  B23.75  3.837,81920,0.172,Sperm Whale,91003
9100301G,386  B23.75  5.792,81920,0.103,Sperm Whale,91003
9100301H,386  B23.75  6.271,81920,0.103,Sperm Whale,91003
9100301I,386  B23.75  6.696,81920,0.109,Sperm Whale,91003
9100301J,386  B23.75  7.086,81920,0.133,Sperm Whale,91003
9100301K,386  B23.75  7.458,81920,0.133,Sperm Whale,91003
9100301L,386  B23.75  8.167,81920,0.133,Sperm Whale,91003
9100301M,386  B23.75  8.534,81920,0.145,Sperm Whale,91003
9100301N,386  B23.75  11.343,81920,0.222,Sperm Whale,91003
9100301O,386  B23.75  11.827,81920,0.188,Sperm Whale,91003
9100301P,386  B23.75  12.231,81920,0.134,Sperm Whale,91003
9100301Q,386  B23.75  12.426,81920,0.168,Sperm Whale,91003
9100301R,386  B23.75  12.661,81920,0.141,Sperm Whale,91003
9100301S,386  B23.75  12.850,81920,0.134,Sperm Whale,91003
9100301T,386  B23.75  13.031,81920,0.141,Sperm Whale,91003
9100301U,386  B23.75  13.213,81920,0.127,Sperm Whale,91003
9100301V,386  B23.75  13.347,81920,0.141,Sperm Whale,91003
9100301W,386  B23.75  13.495,81920,0.141,Sperm Whale,91003
9100301X,386  B23.75  13.670,81920,0.134,Sperm Whale,91003
9100301Y,386  B23.75  13.832,81920,0.134,Sperm Whale,91003
9100301Z,386  B23.75  13.966,81920,0.127,Sperm Whale,91003
91003020,386  B23.75  14.094,81920,0.121,Sperm Whale,91003
91003021,386  B23.75  14.228,81920,0.127,Sperm Whale,91003
91003022,386  B23.75  14.376,81920,0.127,Sperm Whale,91003
91003023,386  B23.75  14.497,81920,0.121,Sperm Whale,91003
91003024,386  B23.75  14.746,81920,0.107,Sperm Whale,91003
91003025,386  B23.75  14.845,81920,0.125,Sperm Whale,91003
93001001,1.220  B6:00.00  31.227,81600,30.006,Sperm Whale,93001
93001002,30.877  B6:00.00  41.159,81600,10.281,Sperm Whale,93001
93001003,66.039  B6:00.00  71.969,81600,5.930,Sperm Whale,93001
93001004,77.059  B6:00.00  78.567,81600,1.507,Sperm Whale,93001
93001005,82.930  B6:00.00  103.875,81600,20.944,Sperm Whale,93001
93001006,109.246  B6:00.00  127.191,81600,17.945,Sperm Whale,93001
93001007,133.531  B6:00.00  144.047,81600,10.515,Sperm Whale,93001
93003001,470  B23.75  20.00,81920,3.781,Sperm Whale,93003
93003002,474  B23.75  18.18,81920,3.781,Sperm Whale,93003
93003003,700  B23.75  10.45,81920,3.781,Sperm Whale,93003
93003004,704  B23.75  3.628,81920,3.781,Sperm Whale,93003
93006001,631  B23.75  0.02891,81920,3.612,Sperm Whale,93006
93006002,631  B23.75  0.3789,81920,3.781,Sperm Whale,93006
93006003,631  B23.75  14.82,81920,3.769,Sperm Whale,93006
94004001,355  B10:00.00  0:13.257,60600,0.945,Sperm Whale,94004
94004002,355  B10:00.00  0:18.288,60600,0.721,Sperm Whale,94004
94004003,355  B10:00.00  0:23.537,60600,0.749,Sperm Whale,94004
94004004,355  B10:00.00  0:28.648,60600,1.159,Sperm Whale,94004
94004005,355  B10:00.00  0:33.788,60600,0.628,Sperm Whale,94004
94004006,355  B10:00.00  0:38.357,60600,0.686,Sperm Whale,94004
94004007,355  B10:00.00  1:04.045,60600,0.626,Sperm Whale,94004
94004008,355  B10:00.00  1:07.337,60600,0.478,Sperm Whale,94004
94004009,355  B10:00.00  1:16.555,60600,0.895,Sperm Whale,94004
9400400A,355  B10:00.00  1:25.170,60600,0.625,Sperm Whale,94004
9400400B,355  B10:00.00  1:25.842,60600,0.443,Sperm Whale,94004
9400400C,355  B10:00.00  2:45.156,60600,1.208,Sperm Whale,94004
9400400D,355  B10:00.00  3:09.440,60600,1.247,Sperm Whale,94004
9400400E,355  B10:00.00  3:14.509,60600,0.616,Sperm Whale,94004
9400400F,0  B7:00.00  3:01.933,60600,193.319,Sperm Whale,94004
9400400G,0  B7:00.00  3:14.393,60600,2.732,Sperm Whale,94004
94005001,0  B26:23.518  4:17.440,60600,1.147,Sperm Whale,94005
94005002,0  B26:23.518  4:21.677,60600,1.389,Sperm Whale,94005
94005003,0  B26:23.518  4:25.409,60600,1.553,Sperm Whale,94005
94005004,0  B26:23.518  4:39.211,60600,1.264,Sperm Whale,94005
94005006,0  B26:23.518  4:50.092,60600,26.709,Sperm Whale,94005
94005007,0  B26:23.518  4:51.147,60600,1.455,Sperm Whale,94005
94005008,0  B26:23.518  4:57.405,60600,1.636,Sperm Whale,94005
94005009,0  B26:23.518  5:01.914,60600,1.383,Sperm Whale,94005
9400500A,0  B26:23.518  5:06.646,60600,1.355,Sperm Whale,94005
9400500B,0  B26:23.518  5:13.998,60600,1.147,Sperm Whale,94005
9400500C,6:48.139-27:10.400,44100,20:20.100,Sperm Whale,94005
9400500D,9:58.533-16:01.114,44100,6:02.580,Sperm Whale,94005
9400500E,1:19.758-6:20.916,44100,5:01.157,Sperm Whale,94005
94011001,0  B4:59.50  0:09.705,60600,8.585,Sperm Whale,94011
94011002,0  B4:59.50  0:20.609,60600,0.972,Sperm Whale,94011
94011003,0  B4:59.50  2:01.166,60600,1.251,Sperm Whale,94011
94011004,0  B4:59.50  2:52.272,60600,1.314,Sperm Whale,94011
94011005,0  B4:59.50  2:57.306,60600,1.377,Sperm Whale,94011
94011006,0  B4:59.50  3:06.530,60600,1.350,Sperm Whale,94011
95001001,5:10.390-11:58.607,160000,6:48.217,Sperm Whale,95001
95001002,5:10.390-11:58.607,40000,6:48.217,Sperm Whale,95001
95001003,5:10.390-11:58.607,40000,6:48.217,Sperm Whale,95001
95001004,5:10.390-11:58.607,40000,6:48.217,Sperm Whale,95001
95001005,5:10.390-11:58.607,40000,6:48.217,Sperm Whale,95001
95001006,14:37.595-16:45.531,160000,2:7.936,Sperm Whale,95001
95001007,14:37.595-16:45.531,40000,2:7.936,Sperm Whale,95001
95001008,14:37.595-16:45.531,40000,2:7.936,Sperm Whale,95001
95001009,14:37.595-16:45.531,40000,2:7.936,Sperm Whale,95001
9500100A,14:37.595-16:45.531,40000,2:7.936,Sperm Whale,95001
9500100B,17:18.637-20:33.293,160000,3:14.656,Sperm Whale,95001
9500100C,17:18.637-20:33.293,40000,3:14.656,Sperm Whale,95001
9500100D,17:18.637-20:33.293,40000,3:14.656,Sperm Whale,95001
9500100E,17:18.637-20:33.293,40000,3:14.656,Sperm Whale,95001
9500100F,17:18.637-20:33.293,40000,3:14.656,Sperm Whale,95001
9500100G,20:51.952-24:30.098,160000,3:38.145,Sperm Whale,95001
9500100H,20:51.952-24:30.098,40000,3:38.145,Sperm Whale,95001
9500100I,20:51.952-24:30.098,40000,3:38.145,Sperm Whale,95001
9500100J,20:51.952-24:30.098,40000,3:38.145,Sperm Whale,95001
9500100K,20:51.952-24:30.098,40000,3:38.145,Sperm Whale,95001
9500100L,25:6.429-28:0.000,160000,2:53.570,Sperm Whale,95001
9500100M,25:6.429-28:0.000,40000,2:53.570,Sperm Whale,95001
9500100N,25:6.429-28:0.000,40000,2:53.570,Sperm Whale,95001
9500100O,25:6.429-28:0.000,40000,2:53.570,Sperm Whale,95001
9500100P,25:6.429-28:0.000,40000,2:53.570,Sperm Whale,95001
9500100Q,5:36.278-25:15.493,44100,19:22.098,Sperm Whale,95001
95510001,08:51:00  30:00  9.32,30000,29.507,Sperm Whale,95510
95510002,08:51:00  30:00  11.28,30000,71.253,Sperm Whale,95510
95510003,08:51:00  30:00  12.40,30000,259.126,Sperm Whale,95510
95510004,08:51:00  30:00  9.30,30000,448.502,Sperm Whale,95510
95510005,08:51:00  30:00  12.45,30000,0.320,Sperm Whale,95510
95510006,08:51:00  30:00  13.10,30000,0.320,Sperm Whale,95510
95510007,08:51:00  30:00  14.10,30000,0.320,Sperm Whale,95510
95510008,08:51:00  30:00  14.56,30000,0.320,Sperm Whale,95510
95510009,08:51:00  30:00  15.23,30000,0.320,Sperm Whale,95510
9551000A,08:51:00  30:00  15.43,30000,0.320,Sperm Whale,95510
9551000B,08:51:00  30:00  16.43,30000,0.320,Sperm Whale,95510
9551000C,08:51:00  30:00  16.52,30000,0.320,Sperm Whale,95510
9551000D,08:51:00  30:00  17.36,30000,0.320,Sperm Whale,95510
9551000E,09:11:00  20:00  1.843,30000,0.320,Sperm Whale,95510
9551000F,09:11:00  20:00  55.03,30000,0.320,Sperm Whale,95510
9551000G,09:11:00  20:00  65.753,30000,0.320,Sperm Whale,95510
9551000H,09:11:00  20:00  98.552,30000,0.320,Sperm Whale,95510
9551000I,09:11:00  20:00  120.08,30000,0.320,Sperm Whale,95510
9551000J,09:11:00  20:00  206.3,30000,0.320,Sperm Whale,95510
9551000K,09:11:00  20:00  235.13,30000,0.320,Sperm Whale,95510
9551000L,09:11:00  20:00  399.95,30000,0.320,Sperm Whale,95510
9551000M,09:11:00  20:00  857.7,30000,0.320,Sperm Whale,95510
9551000N,09:11:00  20:00  951.50,30000,0.320,Sperm Whale,95510
95516001,0:00:00  B30:00  1:38.189,30000,0.320,Sperm Whale,95516
95516002,0:00:00  B30:00  1:59.578,30000,0.320,Sperm Whale,95516
95516003,0:00:00  B30:00  2:40.186,30000,0.320,Sperm Whale,95516
95516004,0:00:00  B30:00  3:0.973,30000,0.320,Sperm Whale,95516
95516005,0:00:00  B30:00  2:28.909,30000,0.320,Sperm Whale,95516
95516006,0:00:00  B30:00  2:52.976,30000,0.320,Sperm Whale,95516
95516007,0:00:00  B30:00  3:14.861,30000,0.320,Sperm Whale,95516
95516008,0:00:00  B30:00  3:40.414,30000,0.320,Sperm Whale,95516
95516009,0:00:00  B30:00  4:30.051,30000,0.320,Sperm Whale,95516
9551600A,0:00:00  B30:00  5:5.715,30000,0.320,Sperm Whale,95516
9551600B,0:00:00  B30:00  5:15.308,30000,0.320,Sperm Whale,95516
9551600C,0:00:00  B30:00  8:22.140,30000,0.320,Sperm Whale,95516
9551600D,0:00:00  B30:00  9:19.266,30000,0.320,Sperm Whale,95516
9551600E,0:00:00  B30:00  10:20.602,30000,0.320,Sperm Whale,95516
9551600F,0:00:00  B30:00  11:11.018,30000,0.320,Sperm Whale,95516
9551600G,0:00:00  B30:00  11:45.809,30000,0.320,Sperm Whale,95516
9551600H,0:00:00  B30:00  15:56.814,30000,0.320,Sperm Whale,95516
9551600I,0:00:00  B30:00  16:37.271,30000,0.320,Sperm Whale,95516
9551600J,0:00:00  B30:00  16:58.102,30000,0.320,Sperm Whale,95516
9551600K,0:00:00  B30:00  17:36.229,30000,0.320,Sperm Whale,95516
9551600L,0:00:00  B30:00  18:10.261,30000,0.320,Sperm Whale,95516
9551600M,0:00:00  B30:00  19:1.574,30000,0.320,Sperm Whale,95516
9551600N,0:00:00  B30:00  20:22.430,30000,0.320,Sperm Whale,95516
9551600O,0:00:00  B30:00  22:5.182,30000,0.320,Sperm Whale,95516
9551600P,0:00:00  B30:00  22:39.750,30000,0.320,Sperm Whale,95516
9551600Q,0:00:00  B30:00  24:7.454,30000,0.320,Sperm Whale,95516
9551600R,0:00:00  B30:00  25:41.133,30000,0.320,Sperm Whale,95516
9551600S,0:00:00  B30:00  26:12.303,30000,0.320,Sperm Whale,95516
9551600T,0:00:00  B30:00  27:17.515,30000,0.320,Sperm Whale,95516
9551600U,0:00:00  B30:00  27:34.360,30000,0.320,Sperm Whale,95516
9551600V,0:00:00  B30:00  29:37.444,30000,0.320,Sperm Whale,95516
9551600W,0:30:00  B30:00  2:48.540,30000,0.320,Sperm Whale,95516
9551600X,0:30:00  B30:00  8:48.106,30000,0.320,Sperm Whale,95516
9551600Y,0:30:00  B30:00  9:25.154,30000,0.320,Sperm Whale,95516
95516010,0:30:00  B30:00  10:24.615,30000,0.320,Sperm Whale,95516
95516011,0:30:00  B30:00  10:36.105,30000,0.320,Sperm Whale,95516
95516012,0:30:00  B30:00  14:45.113,30000,0.320,Sperm Whale,95516
95516013,0:30:00  B30:00  14:57.021,30000,0.320,Sperm Whale,95516
95516014,0:30:00  B30:00  15:20.863,30000,0.320,Sperm Whale,95516
95516015,0:30:00  B30:00  17:55.998,30000,0.320,Sperm Whale,95516
95516016,0:30:00  B30:00  18:20.299,30000,0.320,Sperm Whale,95516
95516017,0:30:00  B30:00  18:42.399,30000,0.320,Sperm Whale,95516
95516018,0:30:00  B30:00  19:0.583,30000,0.320,Sperm Whale,95516
95516019,0:30:00  B30:00  20:6.201,30000,0.320,Sperm Whale,95516
9551601A,0:30:00  B30:00  20:35.762,30000,0.320,Sperm Whale,95516
9551601B,0:30:00  B30:00  21:40.218,30000,0.320,Sperm Whale,95516
9551601C,0:30:00  B30:00  22:1.003,30000,0.320,Sperm Whale,95516
9551601D,0:30:00  B30:00  22:51.241,30000,0.320,Sperm Whale,95516
